County,Lake,GNIS_ID,Surface_area_hectares,avg_station_latitude,avg_station_longitude
Alachua,Alice,277748,11,29.6431,-82.3615
Alachua,Alto,307655,232,29.778666666666666,-82.14326666666666
Alachua,Bivans Arm,278872,76,29.624066666666668,-82.3441
Alachua,Bonnet,279221,NA,29.7242,-82.09603333333334
Alachua,Calf Pond,279829,5.7,29.628166666666665,-82.2869
Alachua,Clear,280534,4,29.65116666666667,-82.39126666666667
Alachua,Dean Pond,281403,NA,29.4958,-82.05883333333334
Alachua,Deep Spring Pond,NA,NA,29.92955,-82.51895
Alachua,Elizabeth,282164,46,29.698566666666665,-82.09373333333333
Alachua,Gwynn Oaks,NA,NA,29.6525,-82.38893333333334
Alachua,Hammocks,NA,NA,29.7074,-82.44203333333333
Alachua,Hidden,NA,4,29.7222,-82.35079999999999
Alachua,Holden Pond,284137,32,29.564333333333334,-82.06086666666667
Alachua,Holly Forest,NA,NA,29.6463,-82.3875
Alachua,Ironwood A,NA,NA,29.6884,-82.2918
Alachua,Ironwood B,NA,NA,29.6892,-82.28985
Alachua,Ironwood C,NA,NA,29.6906,-82.28925
Alachua,Ironwood D,NA,NA,29.6909,-82.2891
Alachua,Ironwood E,NA,NA,29.6869,-82.28954999999999
Alachua,Ironwood F,NA,NA,29.6889,-82.30045
Alachua,Ironwood G,NA,NA,29.6905,-82.30064999999999
Alachua,Ironwood H,NA,NA,29.691,-82.2912
Alachua,Johnson Pond,NA,NA,29.7219,-82.3482
Alachua,Kingswood,NA,NA,29.669033333333335,-82.39996666666667
Alachua,Lakes Pond,NA,NA,29.698233333333334,-82.3585
Alachua,Little Orange,285749,274,29.5752,-82.05613333333334
Alachua,Little Santa Fe,285810,465,29.771575,-82.0939
Alachua,Lochloosa,294060,2286,29.5136,-82.13017500000001
Alachua,Melrose Bay,286691,24,29.715325,-82.05385
Alachua,Meta,NA,NA,29.6696,-82.33623333333334
Alachua,Mize,287021,NA,29.7329,-82.21976666666667
Alachua,Moon,NA,NA,29.6805,-82.40543333333333
Alachua,Moss,287176,NA,29.559733333333334,-82.0549
Alachua,Newnan,294429,3006,29.634633333333333,-82.22526666666667
Alachua,Orange,288216,5609,29.45805,-82.18415
Alachua,Potano Ponds,NA,NA,29.643333333333334,-82.2595
Alachua,Santa Fe,290657,2011,29.73935,-82.07335
Alachua,Santa Fe-barricade,290657,NA,29.7143,-82.0623
Alachua,Santa Fe-canal mouth,290657,NA,29.7166,-82.0622
Alachua,Santa Fe-Painter Canal,290657,NA,29.7122,-82.0623
Alachua,Watermelon Pond,292934,215,29.5484,-82.60676666666667
Alachua,Wauberg,292948,150,29.5297,-82.30163333333333
Bay,Deer Point,281453,2024,30.289133333333332,-85.59353333333334
Bay,Lullwater,NA,NA,30.221966666666667,-85.8819
Bay,Marin,NA,NA,30.210166666666666,-85.6556
Bay,Powell,289278,266,30.274266666666666,-85.98096666666666
Bay,Powell South,289278,NA,30.270266666666664,-85.98696666666666
Bradford,Bedford,278374,44,29.80933333333333,-82.05613333333334
Bradford,Bolt,307234,16,29.7976,-82.05386666666666
Bradford,Crosby,281084,217,29.940966666666668,-82.157
Bradford,DeValerio,NA,NA,29.906833333333335,-82.17036666666667
Bradford,Hampton,283673,442,29.8586,-82.16815
Bradford,Paradise,288480,19,29.787366666666667,-82.047466666666665
Bradford,Paradise West,NA,19,29.7903,-82.04923333333333
Bradford,Rowell,290019,147,29.92036,-82.1619
Bradford,Sampson,290460,755,29.9253,-82.18993333333333
Bradford,Silver,300382,NA,29.7975,-82.06009999999999
Brevard,Clark,NA,NA,27.939349999999997,-80.60245
Brevard,Clear,NA,NA,28.3852,-80.76006666666666
Brevard,Forest,NA,15,28.3559,-80.7984
Brevard,Fox,282770,67,28.592375,-80.86850000000001
Brevard,Holladay Pond,NA,NA,28.226633333333332,-80.64959999999999
Brevard,Palm,NA,1,28.399633333333334,-80.66896666666666
Brevard,Parkway Meadows,NA,NA,28.1522,-80.66876666666667
Brevard,Poinsett,289112,1754,28.339875,-80.837275
Brevard,South Lake,291391,446,28.620375,-80.869925
Brevard,South Lake-canal,NA,NA,NaN,NaN
Brevard,Timber,NA,NA,28.090566666666664,-80.68546666666667
Brevard,Valkaria,304727,9,27.955733333333335,-80.61593333333333
Brevard,Washington,292914,1765,28.1446,-80.74726666666668
Brevard,Yancey,NA,NA,28.364566666666665,-80.78596666666667
Broward,Alex,NA,NA,26.036833333333334,-80.19646666666667
Broward,Bonnet Slough,NA,NA,26.1351,-80.10433333333333
Broward,Cliff,280573,2,26.105733333333333,-80.13136666666666
Broward,Crossbow,NA,NA,26.030733333333334,-80.34983333333334
Broward,Delevoe,NA,8,26.125566666666664,-80.17473333333334
Broward,Desoto,281515,NA,25.978166666666667,-80.17316666666666
Broward,E,NA,NA,26.075499999999998,-80.21813333333334
Broward,East,281964,NA,26.179866666666666,-80.12336666666667
Broward,Estancia,NA,NA,26.0014,-80.40263333333334
Broward,Estates of Ft. Lauderdale,NA,NA,26.052866666666667,-80.18276666666667
Broward,Everglades,NA,NA,26.0608,-80.44576666666667
Broward,Flamingo,NA,NA,26.049166666666668,-80.3043
Broward,Flamingo 2,NA,NA,26.055333333333333,-80.3049
Broward,Helen,NA,NA,26.13995,-80.104
Broward,Heritage,NA,NA,26.107033333333334,-80.22686666666667
Broward,Holiday Park,307537,NA,26.0946,-80.5945
Broward,Jacaranda 13,NA,NA,26.14346666666667,-80.28506666666667
Broward,Jacaranda 4,NA,NA,26.141766666666665,-80.27356666666667
Broward,Long,NA,NA,26.143266666666666,-80.104
Broward,Markham,NA,NA,26.133866666666666,-80.3555
Broward,Melva,286697,NA,26.1453,-80.1215
Broward,NCL,NA,NA,26.2999,-80.5964
Broward,North,NA,0.8,26.140466666666665,-80.104
Broward,Pembroke Isles,NA,NA,26.0194,-80.3716
Broward,Quiet Waters,NA,NA,26.307833333333335,-80.16116666666667
Broward,Riley,NA,NA,26.110666666666667,-80.3611
Broward,Rock Creek,NA,NA,26.037333333333333,-80.30303333333333
Broward,Royal Palm,NA,NA,26.108066666666666,-80.5769
Broward,Seneca,280173,NA,26.1998,-80.0984
Broward,Seneca,290855,NA,26.2027,-80.0984
Broward,Silver,NA,NA,26.025366666666667,-80.3794
Broward,Silver 3,NA,4,25.984833333333334,-80.38083333333333
Broward,South,NA,0.8,26.138849999999998,-80.104
Broward,Sterling,NA,4,26.0489,-80.28196666666666
Broward,Tarpon,NA,NA,26.028966666666665,-80.1303
Broward,Topeekeegee,NA,NA,26.035066666666665,-80.17153333333333
Broward,Tree Tops,NA,NA,26.067333333333334,-80.27823333333333
Broward,Tyrano,NA,NA,26.096766666666667,-80.22233333333334
Broward,WCA-3,NA,NA,25.92246666666667,-80.57756666666667
Broward,West,281964,NA,26.179433333333332,-80.12689999999999
Broward,West AKNC,293087,NA,26.0298,-80.12373333333333
Broward,Westport 1,NA,NA,26.12643333333333,-80.29543333333334
Broward,Westport 2,NA,NA,26.128633333333333,-80.29480000000001
Broward,Windermere,NA,NA,26.051766666666666,-80.17416666666666
Charlotte,Aquarius,NA,NA,26.918233333333333,-82.19923333333334
Charlotte,Broadmoor 1,NA,NA,26.909300000000002,-82.2643
Charlotte,Broadmoor 2,NA,NA,26.906866666666666,-82.2651
Charlotte,Broadmoor Creek,2493895,NA,26.90223333333333,-82.26303333333334
Charlotte,Broadmoor River,2493895,NA,26.9118,-82.26336666666667
Charlotte,Buck Creek Weir,NA,NA,26.8964,-82.2964
Charlotte,Butterford,2493896,NA,26.916133333333335,-82.22043333333333
Charlotte,Casa de Meadows,NA,NA,26.914033333333336,-82.3149
Charlotte,Lagoon,NA,NA,26.873266666666666,-82.1758
Charlotte,Lock,NA,NA,26.930133333333334,-82.20053333333334
Charlotte,Longmeadow River,2493917,NA,26.901233333333334,-82.25076666666666
Charlotte,Marina,NA,NA,26.874133333333333,-82.23303333333334
Charlotte,Oakland Hills End,2493922,NA,26.878233333333334,-82.29039999999999
Charlotte,Oakland Hills River,2493922,NA,26.884566666666668,-82.29513333333333
Charlotte,Pebble Beach Creek,2493925,NA,26.9025,-82.28443333333334
Charlotte,Pebble Beach River,2493925,NA,26.8991,-82.2955
Charlotte,Pine Valley End,2493927,NA,26.871066666666668,-82.27043333333333
Charlotte,Pine Valley Weir,2493927,NA,26.885666666666665,-82.26626666666667
Charlotte,Pinehurst River,2493877,NA,26.912,-82.28263333333334
Charlotte,Pond 1,NA,NA,28.887933333333333,-82.23406666666666
Charlotte,Pond 2,NA,NA,26.8854,-82.02929999999999
Charlotte,Pond 3,NA,NA,26.885266666666666,-82.03143333333334
Charlotte,Pond 4,NA,NA,26.890766666666668,-82.03623333333333
Charlotte,Pond 5,NA,NA,26.8917,-82.035
Charlotte,Pond 6,NA,NA,26.894,-82.03356666666667
Charlotte,Pond 7,NA,NA,26.8918,-82.03093333333334
Charlotte,South Crete,NA,NA,26.8949,-82.0369
Charlotte,Spring,285581,NA,26.974533333333333,-82.12086666666667
Charlotte,Staunton,NA,NA,26.884033333333335,-82.19256666666666
Charlotte,WF-1,NA,NA,26.87735,-82.30345
Charlotte,WF-2,NA,NA,26.878533333333333,-82.30406666666667
Charlotte,WF-3,NA,NA,26.880033333333333,-82.30526666666667
Charlotte,WF-4,NA,NA,26.8799,-82.3059
Charlotte,WF-5,NA,NA,26.881149999999998,-82.3042
Charlotte,WF-6,NA,NA,26.87735,-82.30345
Charlotte,White Marsh,2493887,NA,26.8883,-82.25473333333333
Charlotte,White Marsh Inflow,2493887,NA,26.888133333333332,-82.24853333333334
Charlotte,White Marsh Inlet,2493887,NA,NaN,NaN
Charlotte,White Marsh Weir,2493887,NA,26.8871,-82.2647
Charlotte,Zephyr,NA,NA,26.9044,-82.2183
Citrus,Bellamy,294179,13,28.93316666666667,-82.37303333333334
Citrus,Club House 1,NA,NA,28.907866666666667,-82.38666666666667
Citrus,Club House 2,NA,NA,28.9068,-82.38733333333333
Citrus,Cooter Pond,280786,NA,28.8352,-82.3265
Citrus,Croft,294179,2,28.890974999999997,-82.34735
Citrus,Davis,NA,NA,28.82303333333333,-82.28433333333334
Citrus,Dodd,NA,55,28.944033333333334,-82.37263333333334
Citrus,Floral City,NA,64,28.758866666666666,-82.2824
Citrus,Floral City North,NA,NA,28.768766666666668,-82.28223333333334
Citrus,Fort Cooper,282679,61,28.804566666666666,-82.30383333333333
Citrus,Hampton,NA,NA,28.782866666666667,-82.28356666666667
Citrus,Henderson,283895,NA,28.83945,-82.31835000000001
Citrus,Hernando,NA,179,28.9109,-82.3687
Citrus,Little Henderson,NA,100,28.847666666666665,-82.3295
Citrus,Little Spivey,NA,NA,28.8293,-82.3122
Citrus,North,NA,NA,28.907066666666665,-82.38853333333333
Citrus,Park,NA,NA,28.903466666666667,-82.38553333333333
Citrus,River Lake Manor,NA,NA,28.956466666666667,-82.36113333333333
Citrus,Rousseau,290015,1480,29.024466666666665,-82.58496666666666
Citrus,Rousseau East,290015,NA,29.0441,-82.50273333333334
Citrus,Small,NA,NA,28.8583,-82.28875
Citrus,Spivey,NA,NA,28.831500000000002,-82.298275
Citrus,Todd,294179,83,28.930733333333333,-82.35586666666667
Citrus,Tsala Apopka,NA,96,28.852833333333333,-82.29216666666666
Citrus,Tsala Apopka South,NA,136,28.769133333333333,-82.28453333333333
Citrus,Tussock,NA,NA,28.79413333333333,-82.27166666666666
Citrus,Van Ness,NA,NA,28.889825000000002,-82.330825
Clay,Asbury North,1867111,69,30.058349999999997,-81.819175
Clay,Asbury South,1867111,18.5,30.046125,-81.820625
Clay,Brooklyn,308442,297,29.8025,-82.0311
Clay,Brooklyn Bay,279438,NA,29.794249999999998,-82.0197
Clay,Crystal,281128,206,29.824166666666667,-82.04086666666667
Clay,Deer,307205,NA,29.8449,-81.94905
Clay,Doctors,281632,1375,30.125700000000002,-81.74093333333333
Clay,Gator Bone,307204,113,29.8134,-81.958
Clay,Geneva,283018,660,29.7654,-82.0213
Clay,Geneva West,NA,NA,29.765166666666666,-82.03843333333333
Clay,Hall,283624,174,29.7995,-81.92386666666667
Clay,Hillcrest,NA,NA,29.751766666666665,-81.99736666666666
Clay,Hutchinson,284437,52,29.748066666666666,-82.01793333333333
Clay,Johnson,307133,194,29.8218,-81.938
Clay,Kingsley,285131,583,29.967566666666666,-81.99856666666666
Clay,Lily,285525,46,29.7368,-82.0247
Clay,Little Crystal,NA,NA,29.8299,-82.0472
Clay,Little Johnson,307198,NA,29.825233333333333,-81.9491
Clay,Little Keystone,285090,8,29.7819,-82.03386666666667
Clay,Margie,307201,NA,29.7852,-81.98193333333333
Clay,Opal,288163,8,29.7428,-82.02943333333333
Clay,Payne's,NA,NA,29.765233333333335,-82.0464
Clay,Pebble,307197,NA,29.8252,-81.95343333333334
Clay,Ryan,NA,NA,30.0577,-81.82996666666666
Clay,Sheelar,290952,7,29.8394,-81.9582
Clay,Smith,NA,358,29.802566666666667,-81.9403
Clay,Spring,291554,59,29.8185,-81.9855
Clay,Twin,NA,11,29.7679,-81.99763333333333
Clay,West Smith,291256,NA,29.796699999999998,-81.95226666666667
Clay,White Sand,307138,NA,29.812166666666666,-81.97283333333334
Collier,Banyan,NA,NA,26.161749999999998,-81.80275
Collier,Crystal,NA,NA,26.2642,-81.68193333333333
Collier,IFAS Collier Pond,NA,NA,26.306,-81.5929
Collier,Lantern,NA,NA,26.1176,-81.80036666666666
Collier,Longshore,NA,NA,26.2642,-81.71719999999999
Collier,PCL-16,NA,NA,26.278399999999998,-81.751875
Collier,PCL-2,NA,NA,26.2745,-81.7507
Collier,PCL-5,NA,NA,26.27825,-81.7494
Collier,Pelican,NA,NA,26.034033333333333,-81.6961
Collier,Quarry,NA,NA,26.279799999999998,-81.67006666666667
Collier,SB-61,NA,NA,26.24105,-81.68875
Collier,Swan,NA,NA,26.197833333333335,-81.8056
Collier,Trafford,292393,605,26.422133333333335,-81.4934
Collier,Verona Walk,NA,NA,26.087566666666667,-81.67783333333333
Columbia,Alligator South,NA,NA,NaN,NaN
Columbia,Jeffery,284736,46,30.207933333333333,-82.68813333333333
Columbia,Mills Creek,NA,NA,30.1708,-82.6145
Columbia,Montgomery,294414,15,30.1833,-82.6448
DeSoto,Suzy,NA,NA,27.050433333333334,-82.02833333333334
Dixie,Governor Hill,283245,63,29.7547,-83.0372
Duval,Fleet Landing,NA,NA,30.352966666666667,-81.4101
Duval,Hidden,NA,NA,30.262666666666664,-81.57243333333334
Duval,Lucina,286198,2.8,30.344566666666665,-81.59983333333334
Duval,Mandarin,NA,NA,30.171933333333335,-81.6225
Duval,Marietta,NA,NA,30.328033333333334,-81.79436666666666
Duval,Pond 13,NA,NA,30.508766666666666,-81.56003333333334
Duval,Ray,NA,NA,30.3463,-81.53793333333333
Duval,Willow,NA,NA,30.142633333333333,-81.57156666666667
Escambia,Blue Angel,NA,NA,30.342233333333333,-87.3464
Escambia,Crescent,281037,34,30.4669,-87.2733
Escambia,Crown Point,NA,NA,30.4058,-87.39076666666666
Escambia,Grande Lagoon,NA,NA,30.32002,-87.39672
Escambia,Stone,291726,NA,30.964433333333332,-87.2891
Flagler,Avalon,NA,NA,29.6242,-81.2006
Flagler,Belle Aire,NA,NA,29.578466666666667,-81.2391
Flagler,Belle Aire South,NA,NA,NaN,NaN
Flagler,Belle Terre,NA,NA,29.6044,-81.2539
Flagler,Birchwood,NA,NA,29.5794,-81.2389
Flagler,Birchwood Basin,NA,NA,29.5794,-81.2397
Flagler,Bird of Paradise,NA,NA,29.5919,-81.2467
Flagler,Birdway,NA,NA,29.5875,-81.2492
Flagler,Brandon,NA,NA,29.444333333333333,-81.2323
Flagler,Brittany,NA,NA,29.558633333333333,-81.25036666666666
Flagler,Cheyenne Cove,NA,NA,29.600166666666667,-81.20566666666666
Flagler,Collingville Cove,NA,NA,NaN,NaN
Flagler,Dead,281379,162,29.414,-81.43713333333334
Flagler,Disston,281592,1060,29.2866,-81.3894
Flagler,Emerald,NA,NA,29.511866666666666,-81.1567
Flagler,Gore,283227,34,29.460533333333334,-81.21743333333333
Flagler,Grand Haven 1,NA,NA,NaN,NaN
Flagler,Grand Haven 12,NA,NA,29.533166666666666,-81.1614
Flagler,Grand Haven 13,NA,NA,29.532266666666665,-81.16353333333333
Flagler,Grand Haven 18A,NA,NA,29.5238,-81.1652
Flagler,Grand Haven 28,NA,NA,29.555566666666667,-81.17273333333333
Flagler,Grand Haven 4,NA,NA,29.547866666666668,-81.1685
Flagler,Grand Haven 5,NA,NA,29.543333333333333,-81.16633333333334
Flagler,Grand Haven W6,NA,NA,29.549266666666668,-81.18811666666667
Flagler,Lakeside,NA,NA,29.6505,-81.20733333333334
Flagler,Medford,NA,NA,29.6243,-81.197
Flagler,Nantucket,NA,NA,29.6258,-81.19736666666667
Flagler,Parkview Stream,NA,NA,29.5506,-81.2456
Flagler,Pine Grove,NA,NA,29.5086,-81.2061
Flagler,Ribbon North,NA,NA,29.5592,-81.2192
Flagler,Rippling,NA,NA,29.5014,-81.24
Flagler,Rodgers,NA,NA,29.4401,-81.2311
Flagler,Sea Vista,NA,NA,29.6244,-81.19575
Flagler,Seminole,NA,NA,NaN,NaN
Flagler,Walker West,NA,NA,29.534300000000002,-81.2149
Flagler,Wynnfield,NA,NA,29.5361,-81.2533
Gadsden,Lett,NA,NA,30.5085,-84.4269
Gadsden,Tallavana,2437400,NA,30.59572,-84.46584
Gadsden,Talquin,306480,3582,30.416874999999997,-84.606875
Gadsden,Yvette,2437402,NA,30.5314,-84.4658
Gulf,Dead,291723,NA,30.1385,-85.1805
Gulf,Depot Creek-1,NA,NA,29.7189,-85.2858
Gulf,Dove Field-1,NA,NA,29.7079,-85.2551
Gulf,Wimico,NA,1641,29.8044,-85.2718
Hamilton,Forest,NA,NA,30.532133333333334,-83.1228
Hamilton,Oak,NA,NA,30.570633333333333,-83.202533333333335
Hamilton,Oak Bay,NA,NA,30.5689,-83.206
Hamilton,Perch Pond,NA,NA,30.539666666666665,-83.10413333333334
Hamilton,Timber,298612,NA,30.544866666666667,-83.10916666666667
Hernando,Bystre,279780,125.3,28.5442,-82.32776666666666
Hernando,Croaker,NA,NA,28.471233333333334,-82.65563333333333
Hernando,Horse,284281,8.6,28.5395,-82.42123333333333
Hernando,Hunter,284410,122,28.441533333333332,-82.62106666666666
Hernando,Lindsey,285564,55,28.629433333333335,-82.36603333333333
Hernando,May Prairie,286539,22,28.623033333333336,-82.35413333333334
Hernando,Mountain,287371,51,28.478466666666666,-82.31193333333333
Hernando,Neff,287571,91,28.479233333333333,-82.32443333333333
Hernando,Sparkman,291483,10,28.465633333333333,-82.3643
Hernando,Spring,291547,23,28.493033333333333,-82.29506666666667
Highlands,Adelaide,277693,44,27.6403,-81.53176666666667
Highlands,Angelo,277883,24,27.5864,-81.4666
Highlands,Annie,NA,35,27.207566666666665,-81.35056666666667
Highlands,Anoka,277901,20,27.5806,-81.51226666666668
Highlands,Apthorpe,277926,89,27.343766666666667,-81.36533333333334
Highlands,August,NA,NA,27.2756,-81.41336666666666
Highlands,Blue,279033,11,27.3145,-81.3571
Highlands,Bonnet,279213,105,27.5438,-81.4433
Highlands,Brentwood,279364,35,27.622166666666665,-81.51203333333333
Highlands,Byrd,279778,25,27.6216,-81.51733333333333
Highlands,Carrie,280072,26,27.337566666666667,-81.42746666666666
Highlands,Charlotte,280330,127,27.4329,-81.44956666666667
Highlands,Chilton,280390,11,27.631633333333333,-81.55656666666667
Highlands,Clay,280516,202,27.311366666666668,-81.3498
Highlands,Crews,281052,25,27.296433333333333,-81.4365
Highlands,Damon,281269,114,27.634533333333334,-81.5106
Highlands,Deer,281446,12,27.609333333333336,-81.4744
Highlands,Denton,281504,28,27.5561,-81.48913333333333
Highlands,Diane,NA,NA,27.240633333333335,-81.39733333333334
Highlands,Dinner,281572,170,27.515366666666665,-81.44376666666666
Highlands,Eagle Pond,NA,1,27.626966666666668,-81.5325
Highlands,Erin Park Canals,NA,NA,27.465133333333334,-81.45756666666666
Highlands,Fox,282767,11.4,27.608,-81.46716666666667
Highlands,Francis,282784,239,27.341033333333332,-81.40613333333333
Highlands,Glenada,283112,72,27.5642,-81.5066
Highlands,Grassy,283327,206,27.254766666666665,-81.3325
Highlands,Henry,283916,26,27.323866666666667,-81.38296666666666
Highlands,Hill,284025,30,27.349899999999998,-81.43836666666667
Highlands,Huckleberry,284367,48,27.451633333333334,-81.46366666666667
Highlands,Huntley,284412,275,27.287333333333333,-81.34140000000001
Highlands,Isis,284605,21,27.612266666666667,-81.51043333333332
Highlands,Istokpoga,284635,12188,27.3324,-81.29166666666667
Highlands,Istokpoga North,284635,12188,27.4131,-81.30966666666667
Highlands,Jackson,284682,1381,27.498275,-81.4691
Highlands,Josephine Center,284942,NA,27.393433333333334,-81.44246666666666
Highlands,Josephine East,284942,NA,27.3943,-81.42613333333334
Highlands,Josephine West,284942,NA,27.402833333333334,-81.4514
Highlands,June,284976,2317,27.2869,-81.40176666666666
Highlands,June North,284976,2317,27.3157,-81.39623333333334
Highlands,Lelia,285451,67,27.573466666666665,-81.5049
Highlands,Letta,285472,193,27.5615,-81.4611
Highlands,Lillian,285515,13,27.6314,-81.51983333333334
Highlands,Little Bonnet,285620,34,27.561133333333334,-81.47630000000001
Highlands,Little Grassy,NA,NA,27.2519,-81.3417
Highlands,Little Jackson,NA,55,27.4679,-81.46273333333333
Highlands,Little Redwater,285771,133,27.541133333333335,-81.47103333333334
Highlands,Little Redwater 2,285770,8,27.34883333333333,-81.391
Highlands,Lotela,286124,279,27.576800000000002,-81.48113333333333
Highlands,Lynn,NA,NA,27.395266666666668,-81.39676666666666
Highlands,Mary Jane,NA,NA,27.542866666666665,-81.5003
Highlands,McCoy,286590,16,27.284233333333333,-81.35406666666667
Highlands,Million,NA,NA,27.42765,-81.4915
Highlands,Mills Pond,NA,NA,27.484833333333334,-81.51086666666666
Highlands,Mirror,286978,41,27.275766666666666,-81.36046666666667
Highlands,Olivia,288149,36,27.6326,-81.54729999999999
Highlands,Pearl,288639,27,27.283633333333334,-81.3612
Highlands,Persimmon,288729,18,27.354966666666666,-81.4056
Highlands,Pioneer,288982,34,27.623,-81.49426666666666
Highlands,Placid,289014,1299,27.23865,-81.35795
Highlands,Pythias,289393,130,27.6351,-81.49706666666667
Highlands,Rachard,294418,6,27.304066666666667,-81.36906666666667
Highlands,Red Beach,289535,136,27.432666666666666,-81.40383333333334
Highlands,Redwater,289555,30,27.346766666666667,-81.39506666666666
Highlands,Saddlebags,290120,9,27.294266666666665,-81.35416666666667
Highlands,Sebring,290807,206,27.527733333333334,-81.484966666666665
Highlands,Sirena,291173,62,27.284866666666666,-81.36906666666667
Highlands,Trout,292473,55,27.646633333333334,-81.5067
Highlands,Tulane,292502,36,27.5864,-81.50396666666667
Highlands,Verona,292761,17,27.597833333333334,-81.49703333333333
Highlands,Viola,292777,NA,27.613333333333333,-81.49506666666667
Highlands,Wolf,293465,49,27.422233333333335,-81.47413333333334
Hillsborough,Albright,300090,NA,28.0891,-82.47413333333333
Hillsborough,Alice,277746,38,28.1329,-82.60486666666667
Hillsborough,Allen,277759,11,28.157233333333334,-82.48853333333334
Hillsborough,Armistead,277954,14,28.101633333333336,-82.55969999999999
Hillsborough,Avila,NA,NA,28.104100000000003,-82.47316666666667
Hillsborough,Bay,278212,15,28.0709,-82.5009
Hillsborough,Belle Wildlife Pond,NA,NA,28.069933333333335,-82.4927
Hillsborough,Boot,279098,NA,28.041666666666668,-82.48406666666666
Hillsborough,Brant,279339,24,28.12656666666667,-82.47163333333333
Hillsborough,Brooker,279436,10.5,28.158833333333334,-82.4774
Hillsborough,Buck,279573,NA,28.1094,-82.61803333333333
Hillsborough,Burrell,279718,10,28.0965,-82.44703333333334
Hillsborough,Byrd,278824,11,28.101933333333335,-82.4781
Hillsborough,Calm,279847,51,28.142333333333333,-82.58149999999999
Hillsborough,Carlton,292525,14,28.132866666666665,-82.54073333333334
Hillsborough,Carlton 2,280043,14,27.712966666666667,-82.24086666666666
Hillsborough,Carroll,280076,89,28.0518,-82.48716666666667
Hillsborough,Carroll Cove,280076,NA,28.045766666666665,-82.48536666666666
Hillsborough,Casey,NA,NA,28.0535,-82.51433333333333
Hillsborough,Cedar East,NA,NA,28.065866666666665,-82.4704
Hillsborough,Cedar West,280211,NA,28.065566666666665,-82.4725
Hillsborough,Chapman,280308,17,28.1054,-82.46383333333333
Hillsborough,Chapman South,280307,NA,27.945666666666668,-82.31353333333334
Hillsborough,Charles,280315,6,28.116033333333334,-82.481
Hillsborough,Church,280452,28,28.103733333333334,-82.5995
Hillsborough,Colebrook,NA,NA,28.098766666666666,-82.46026666666667
Hillsborough,Commiston,280681,NA,28.147433333333332,-82.4548
Hillsborough,Cooper,280779,33,28.145766666666667,-82.47136666666667
Hillsborough,Cory,NA,NA,28.134866666666667,-82.30303333333333
Hillsborough,Country Lakes Pond,NA,NA,28.09035,-82.4666
Hillsborough,Cove,NA,NA,28.011566666666667,-82.60333333333334
Hillsborough,Crenshaw,281028,11,28.125933333333332,-82.496
Hillsborough,Crescent,281034,19,28.15745,-82.591625
Hillsborough,Crum,NA,NA,28.118666666666666,-82.50726666666667
Hillsborough,Crystal,291365,NA,28.133766666666666,-82.47623333333333
Hillsborough,Cypress,277633,7,28.126033333333332,-82.56473333333334
Hillsborough,Dan,281274,14,28.165366666666667,-82.64716666666666
Hillsborough,Dead Lady,NA,NA,28.15535,-82.570825
Hillsborough,Deer,281448,14,28.167633333333335,-82.46253333333334
Hillsborough,Dorothy,NA,NA,28.0601,-82.48
Hillsborough,Dorsett,281686,2,28.0675,-82.474
Hillsborough,Dosson,281687,5,28.123166666666666,-82.52553333333333
Hillsborough,East,278461,35,27.9904,-82.3801
Hillsborough,Echo,282070,11,28.107733333333332,-82.6036
Hillsborough,Eckles,300095,NA,28.055166666666665,-82.4722
Hillsborough,Edna,NA,NA,27.991233333333334,-82.4769
Hillsborough,Egypt,282124,27,28.0119,-82.492575
Hillsborough,Elizabeth,282162,9,28.1574,-82.57356666666666
Hillsborough,Ellen,282168,21,28.061700000000002,-82.49663333333334
Hillsborough,Estes,NA,NA,28.1196,-82.4661
Hillsborough,Eva,NA,NA,28.120233333333335,-82.5944
Hillsborough,Fantasia,NA,NA,27.868433333333336,-82.3506
Hillsborough,Fleur de Lis,NA,10,28.063533333333332,-82.483
Hillsborough,Flynn,282639,11,28.096833333333333,-82.43866666666666
Hillsborough,Forest,NA,NA,28.0874,-82.41876666666667
Hillsborough,Francis,282779,17,28.161666666666665,-82.6018
Hillsborough,Freedom,NA,NA,28.127433333333332,-82.57273333333333
Hillsborough,Fuller,NA,6,28.150866666666666,-82.47966666666666
Hillsborough,Garden,282929,NA,28.131866666666667,-82.63103333333333
Hillsborough,Gass,282964,13,28.092466666666667,-82.4627
Hillsborough,George,300093,NA,28.06886666666667,-82.4874
Hillsborough,Gibson,NA,NA,28.124433333333332,-82.5907
Hillsborough,Glass,283106,7,28.098133333333333,-82.619
Hillsborough,Gornto,283229,6.8,27.9454,-82.31696666666666
Hillsborough,Grace,NA,NA,28.097233333333335,-82.5875
Hillsborough,Grady,NA,57,27.835266666666666,-82.2716
Hillsborough,Halfmoon,283602,13,28.09735,-82.548075
Hillsborough,Hammock,NA,NA,27.977466666666665,-82.1517
Hillsborough,Hanna,283691,12,28.138333333333332,-82.44646666666667
Hillsborough,Harvey,283796,NA,28.164133333333332,-82.4859
Hillsborough,Heather,NA,NA,28.1096,-82.49566666666666
Hillsborough,Helen,283867,6,28.121666666666666,-82.53873333333334
Hillsborough,Hiawatha,283935,55,28.1697,-82.5743
Hillsborough,Hickory Hammock,283957,NA,27.912766666666666,-82.2883
Hillsborough,Hickory Manor North,NA,NA,28.0013,-82.26143333333333
Hillsborough,Hobbs,284062,27,28.1586,-82.47196666666667
Hillsborough,Hog Island,284090,19,28.169866666666667,-82.44806666666666
Hillsborough,Holly,279493,NA,28.1704,-82.4824
Hillsborough,Holly 2,NA,NA,28.089066666666668,-82.54866666666666
Hillsborough,Horse,284280,11,28.1108,-82.57886666666667
Hillsborough,Hunter,286044,NA,27.966966666666668,-82.26536666666667
Hillsborough,Island Ford,284612,39,28.151166666666665,-82.59570000000001
Hillsborough,Jackson,NA,NA,28.1375,-82.63003333333333
Hillsborough,James,284712,6,28.117066666666666,-82.5741
Hillsborough,Jeanette,NA,NA,28.061833333333333,-82.4808
Hillsborough,Jeremy,NA,NA,28.066133333333333,-82.3835
Hillsborough,Josephine,284944,21,28.110133333333334,-82.56183333333333
Hillsborough,Juanita,284951,10,28.117533333333334,-82.58886666666668
Hillsborough,June,NA,NA,27.9571,-82.29703333333333
Hillsborough,Keene,285028,13,28.1446,-82.44796666666667
Hillsborough,Kell,285033,13,28.1663,-82.45643333333334
Hillsborough,Ken,NA,NA,27.853066666666667,-82.3376
Hillsborough,Keystone,285091,169,28.130866666666666,-82.5889
Hillsborough,LeClare,285412,18,28.1102,-82.53896666666667
Hillsborough,Lipsey,300092,NA,28.055633333333333,-82.49736666666666
Hillsborough,Little,NA,NA,28.072366666666667,-82.48043333333332
Hillsborough,Little Bass,NA,NA,28.102366666666665,-82.56739999999999
Hillsborough,Little Halfmoon,285703,4,28.1026,-82.54966666666667
Hillsborough,Little Halfmoon,NA,4,28.1025,-82.5483
Hillsborough,Little Jewel,NA,NA,28.116833333333332,-82.5852
Hillsborough,Little Moon,285744,5,28.1139,-82.60016666666667
Hillsborough,Little Wilson,NA,NA,28.147233333333332,-82.49210000000001
Hillsborough,Long Pond,286044,20.9,27.966033333333332,-82.26576666666666
Hillsborough,Lords,NA,NA,28.108233333333335,-82.45143333333334
Hillsborough,Lutz,285710,NA,28.153166666666667,-82.4639
Hillsborough,Magdalene,286281,96,28.0818,-82.48216666666667
Hillsborough,Mango,286374,13,27.970566666666667,-82.3028
Hillsborough,Martha,NA,NA,28.147366666666667,-82.6001
Hillsborough,Maurine,282343,NA,28.0879,-82.586
Hillsborough,McComas,NA,NA,27.888033333333333,-82.3413
Hillsborough,Mead,286660,5.6,27.947733333333332,-82.29496666666667
Hillsborough,Mid,NA,NA,28.058333333333334,-82.47396666666667
Hillsborough,Middle,NA,NA,27.7224,-82.36056666666667
Hillsborough,Mill,NA,NA,28.087133333333334,-82.4233
Hillsborough,Mirror,NA,NA,NaN,NaN
Hillsborough,Mohrlake,NA,NA,27.914433333333335,-82.31546666666667
Hillsborough,Moores,287105,NA,28.0089,-82.2215
Hillsborough,Morley,NA,NA,28.087033333333334,-82.46966666666667
Hillsborough,Morris,NA,NA,28.072533333333332,-82.46603333333333
Hillsborough,Mound,287192,32,28.147566666666666,-82.57223333333333
Hillsborough,Myrtle,NA,4,28.148433333333333,-82.48256666666667
Hillsborough,Nancy,NA,NA,28.167366666666666,-82.49196666666667
Hillsborough,Nawela,NA,NA,28.05633333333333,-82.55863333333333
Hillsborough,New Ryan,2071308,NA,28.162399999999998,-82.44186666666667
Hillsborough,Newlands,NA,NA,28.083433333333332,-82.47476666666667
Hillsborough,Norbert,NA,NA,28.1538,-82.47786666666667
Hillsborough,Noreast,287762,3.8,28.0628,-82.46896666666666
Hillsborough,North Pond,NA,NA,28.0912,-82.4195
Hillsborough,Osceola,288266,26,28.171566666666667,-82.5869
Hillsborough,Pine,288888,NA,28.060299999999998,-82.47266666666667
Hillsborough,Pine Pond,NA,NA,28.0604,-82.4693
Hillsborough,Place,NA,NA,28.030825,-82.556375
Hillsborough,Platt,289039,26,28.094966666666668,-82.47873333333332
Hillsborough,Pond 01-14,NA,NA,28.0525,-82.5957
Hillsborough,Pond 02-07,NA,NA,27.8853,-82.2695
Hillsborough,Pond 03-16,NA,NA,28.0644,-82.4927
Hillsborough,Pond 03-19,NA,NA,28.0896,-82.551
Hillsborough,Pond 04-05,NA,NA,28.1224,-82.4591
Hillsborough,Pond 05-04 Inlet,NA,NA,27.8775,-82.2791
Hillsborough,Pond 05-04 Outlet,NA,NA,27.8775,-82.2791
Hillsborough,Pond 05-07,NA,NA,NaN,NaN
Hillsborough,Pond 06-01,NA,NA,27.8503,-82.231
Hillsborough,Pond 06-13,NA,NA,27.733933333333333,-82.34713333333333
Hillsborough,Pond 06-28,NA,NA,28.111966666666667,-82.4922
Hillsborough,Pond 06-905 Inflow,NA,NA,27.8779,-82.2854
Hillsborough,Pond 06-905 Outflow,NA,NA,27.8779,-82.2854
Hillsborough,Pond 06-906,NA,NA,28.0292,-82.4896
Hillsborough,Pond 06-911,NA,NA,28.0557,-82.5552
Hillsborough,Pond 07-901,NA,NA,27.716,-82.35
Hillsborough,Pond 07-904,NA,NA,27.7256,-82.3575
Hillsborough,Pond 08-16,NA,NA,28.048099999999998,-82.48333333333333
Hillsborough,Pond 09-02,NA,NA,27.7361,-82.3483
Hillsborough,Pond 09-03,NA,NA,27.9556,-82.2519
Hillsborough,Pond 09-Sp1,NA,NA,28.0664,-82.4535
Hillsborough,Pond 10-02,NA,NA,28.0597,-82.4313
Hillsborough,Pond 10-07,NA,NA,28.110133333333334,-82.53236666666666
Hillsborough,Pond 10-08,NA,NA,27.966166666666666,-82.29723333333332
Hillsborough,Pond 12-04,NA,NA,27.702866666666665,-82.35086666666666
Hillsborough,Pond 99-19,NA,NA,27.88565,-82.2787
Hillsborough,Pretty,289303,32,28.108966666666667,-82.5681
Hillsborough,Rainbow,289442,19,28.11665,-82.596425
Hillsborough,Reinheimer,289634,8,28.130233333333333,-82.48683333333334
Hillsborough,Richard Muldowney,NA,NA,28.0725,-82.4704
Hillsborough,Roberta,289773,0.8,28.001,-82.4496
Hillsborough,Rock,289834,21,28.1137,-82.5572
Hillsborough,Rogers,289927,38,28.1094,-82.58856666666667
Hillsborough,Roget,NA,NA,28.108066666666666,-82.456
Hillsborough,Round,290004,4,28.1208,-82.5002
Hillsborough,Round Pond,NA,NA,28.059350000000002,-82.47655
Hillsborough,Russell,NA,NA,28.074166666666667,-82.46426666666666
Hillsborough,Saddleback North,290118,13,28.122075,-82.49555000000001
Hillsborough,Saddleback South,290118,13,28.119175,-82.4943
Hillsborough,September,NA,NA,28.104,-82.44353333333333
Hillsborough,Shangri-La,NA,NA,28.006933333333333,-82.2674
Hillsborough,Silver,291140,7,28.0232,-82.49396666666667
Hillsborough,Simmons,NA,NA,27.70756666666667,-82.35263333333333
Hillsborough,Sinclair,NA,NA,28.095233333333333,-82.44516666666667
Hillsborough,Snake,NA,NA,28.1133,-82.49106666666667
Hillsborough,South,NA,NA,27.7167,-82.36036666666666
Hillsborough,St. Clair,NA,NA,27.7731,-82.36653333333334
Hillsborough,Stall,NA,NA,28.0628,-82.49083333333333
Hillsborough,Starvation,291645,21,28.124033333333333,-82.5055
Hillsborough,Stearn,NA,NA,27.9011,-82.202533333333335
Hillsborough,Stemper,291676,51,28.134133333333335,-82.4566
Hillsborough,Stillwater,NA,NA,28.060666666666666,-82.5085
Hillsborough,Strawberry,287801,NA,28.139466666666667,-82.4749
Hillsborough,Strawberry North,287801,NA,28.1415,-82.47413333333333
Hillsborough,Strawberry South,287801,NA,28.138566666666666,-82.47523333333334
Hillsborough,Sunset,291876,15,28.135366666666666,-82.62566666666666
Hillsborough,Sunshine,291884,7,28.119666666666667,-82.52596666666668
Hillsborough,Swan,NA,NA,27.715966666666667,-82.35
Hillsborough,Taylor,292079,18,28.13693333333333,-82.6115
Hillsborough,Taylor 2,NA,NA,28.15106666666667,-82.54306666666666
Hillsborough,Teakwood,NA,NA,28.079966666666667,-82.46943333333333
Hillsborough,Ten Mile,292118,7,27.940466666666666,-82.3155
Hillsborough,Thonotosassa,294174,331,28.060866666666666,-82.27776666666666
Hillsborough,Titan,NA,NA,28.168366666666664,-82.37186666666666
Hillsborough,Turtle,NA,NA,28.070033333333335,-82.47153333333333
Hillsborough,Twin,300091,NA,28.032733333333333,-82.48956666666666
Hillsborough,Valrico,292726,51,27.9545,-82.25856666666667
Hillsborough,Valrico Middle,NA,NA,27.9599,-82.25686666666667
Hillsborough,Virginia,292784,9,28.1614,-82.48856666666667
Hillsborough,Walden,287402,24,27.98956666666667,-82.1484
Hillsborough,Wastena,292915,NA,28.16293333333333,-82.59163333333333
Hillsborough,Wee,292979,0.4,27.952866666666665,-82.29576666666667
Hillsborough,Weeks,292993,20,27.9893,-82.26873333333333
Hillsborough,West Meadows-15,NA,NA,28.1512,-82.36976666666666
Hillsborough,West Meadows-3,NA,NA,28.149866666666668,-82.36
Hillsborough,White Trout,293235,31,28.039533333333335,-82.49613333333333
Hillsborough,Wilford,NA,NA,28.0809,-82.4759
Hillsborough,Wilson,292216,25,28.147,-82.48643333333334
Hillsborough,Wimauma,293392,54,27.707933333333333,-82.31313333333333
Hillsborough,Winthrop,NA,NA,27.8903,-82.3166
Hillsborough,Wood,293493,7,28.1548,-82.57773333333333
Hillsborough,Woodberry 2,NA,NA,27.955866666666665,-82.31636666666667
Hillsborough,Zambito,NA,NA,28.114666666666665,-82.49663333333334
Hillsborough,Zambito East,NA,NA,28.114033333333335,-82.49166666666667
Holmes,Cassidy,280120,134,30.815766666666665,-86.03143333333334
Holmes,Victor,2772076,57,30.9499,-85.89453333333333
Indian River,Blue Cypress,307443,2759,27.7254,-80.75750000000001
Indian River,Farm 13,NA,NA,27.7935,-80.7211
Indian River,Shores,NA,NA,27.726966666666666,-81.05696666666667
Indian River,Stick Marsh,NA,963,27.806333333333335,-80.71950000000001
Jackson,Compass,280687,235,30.594633333333334,-85.3844
Jackson,McCormick,286587,59.9,30.636766666666666,-85.3334
Jackson,Seminole,294149,NA,30.750466666666664,-84.91806666666666
Jackson,Silver,290875,99,30.577133333333332,-85.3132
Jefferson,Bidlingmayer,NA,NA,30.481933333333334,-83.93423333333334
Jefferson,Miccosukee,286773,2520,30.586666666666666,-83.99343333333333
Jefferson,Miccosukee Sink,286773,NA,30.608166666666666,-84.00123333333333
Jefferson,Wooten,293529,4,30.3995,-83.9901
Lake,8-Ball,NA,NA,28.6007,-81.76496666666667
Lake,Akron,305198,81,28.9966,-81.52256666666666
Lake,Annabelle Reed,2071416,NA,28.686766666666667,-81.7709
Lake,Apshawa,277925,NA,28.600733333333334,-81.77496666666667
Lake,Arlene,NA,NA,28.506366666666665,-81.81116666666667
Lake,Arthur,293915,51,28.627533333333332,-81.841
Lake,Bay,305241,19.6,28.9251,-81.5228
Lake,Beakman,305245,37,29.122666666666667,-81.62366666666667
Lake,Bear,278335,NA,28.453533333333333,-81.75046666666667
Lake,Bear 2,305257,4.08,28.9836,-81.43303333333334
Lake,Beauclaire,278356,407,28.772866666666665,-81.66046666666666
Lake,Black,278906,NA,28.509999999999998,-81.84393333333334
Lake,Blue,305340,12,29.001266666666666,-81.5066
Lake,Cherry,280361,248,28.597566666666665,-81.81493333333333
Lake,Clear,305488,21,28.8753,-81.6547
Lake,Cook,280735,8,28.834333333333333,-81.78086666666667
Lake,Cooley,305503,36.7,28.948133333333335,-81.67313333333334
Lake,CR Big,NA,NA,28.506866666666667,-81.74686666666666
Lake,CR Small,NA,NA,28.508249999999997,-81.7493
Lake,Crescent,281038,8,28.5053,-81.773
Lake,Crescent 2,305523,30,28.9369,-81.678
Lake,Crooked,305525,13,29.1525,-81.60265
Lake,Crown,2557334,NA,28.660233333333334,-81.86053333333334
Lake,Crystal,281124,19,28.553966666666668,-81.76013333333333
Lake,David,281315,NA,28.557433333333332,-81.86046666666667
Lake,Denham,281501,109,28.76673333333333,-81.90696666666666
Lake,Desire,281514,NA,28.6153,-81.84136666666666
Lake,Dixie East,281609,NA,28.809233333333335,-81.8887
Lake,Dixie West,281609,NA,28.809366666666666,-81.89043333333333
Lake,Dolls,NA,NA,28.578766666666667,-81.69726666666666
Lake,Dora East,281681,NA,28.796766666666667,-81.66186666666667
Lake,Dora West,281681,NA,28.7905,-81.71373333333334
Lake,Dorr,305590,759,29.003233333333334,-81.6231
Lake,Eagle,NA,NA,28.7342,-81.8443
Lake,East Crooked,281968,62,28.832166666666666,-81.66403333333334
Lake,Egret,NA,NA,28.7338,-81.8555
Lake,Eldorado,305627,69,28.8831,-81.6247
Lake,Ella,305629,6.12,28.929833333333335,-81.6786
Lake,Ella 2,305629,189,28.954533333333334,-81.71486666666667
Lake,Emeralda,305765,NA,28.91293333333333,-81.8372
Lake,Emma,282203,73,28.614,-81.8517
Lake,Erie,282245,NA,28.477666666666668,-81.84853333333334
Lake,Eustis,282276,3159,28.846133333333334,-81.72803333333333
Lake,Evert,NA,NA,28.7325,-81.8611
Lake,Fish,305671,37.2,28.9207,-81.42743333333334
Lake,Florence,282592,53,28.5976,-81.6826
Lake,Gertrude,283044,101,28.815966666666668,-81.65893333333334
Lake,Glona,283124,102,28.482533333333333,-81.7889
Lake,Gracie,283261,8.9,28.845566666666667,-81.6772
Lake,Grasshopper,306418,47,29.135625,-81.6156
Lake,Grassy,283323,13,28.5962,-81.74396666666667
Lake,Griffin,305765,6679,28.843433333333333,-81.85176666666666
Lake,Griffin North,305765,NA,28.883466666666667,-81.8394
Lake,Griffin West,305765,NA,28.861866666666668,-81.8905
Lake,Haines,NA,NA,28.8349,-81.7718
Lake,Harris,294031,5580,28.800725,-81.79385
Lake,Harris East,294031,NA,28.7693,-81.7871
Lake,Harris Middle,294031,NA,28.742733333333334,-81.78796666666666
Lake,Harris West,294031,NA,28.810333333333336,-81.78723333333333
Lake,Hermosa,283920,11.6,28.834466666666668,-81.70336666666667
Lake,Heron,NA,NA,28.735,-81.8559
Lake,Hiawatha,NA,NA,28.564466666666668,-81.77973333333334
Lake,Holly,305825,40,28.941,-81.7176
Lake,Horseshoe,284317,13.1,28.750633333333333,-81.66176666666667
Lake,Idamere,284463,38,28.7666,-81.74603333333333
Lake,Idlewild,284464,10,28.87925,-81.885325
Lake,Jack's,284669,5,28.55463333333333,-81.73193333333333
Lake,Jem,284740,8,28.746866666666666,-81.6648
Lake,Jewel,2567588,NA,28.667866666666665,-81.86423333333333
Lake,Joanna,284813,122,28.8385,-81.6454
Lake,Kirkland,285143,115,28.448666666666664,-81.80476666666667
Lake,Lady,285201,95,28.918074999999998,-81.898
Lake,Linda,NA,NA,28.838966666666668,-81.77953333333333
Lake,Little Harris,294031,1108,28.721425,-81.756275
Lake,Little Holly,NA,NA,28.948966666666667,-81.71686666666668
Lake,Little Mary,NA,NA,29.0017,-81.64473333333333
Lake,Little Nellie,304125,NA,28.483766666666664,-81.77
Lake,Little Sawmill,290706,2.5,28.490450000000003,-81.77555
Lake,Loch Leven,285898,70,28.829733333333333,-81.63526666666667
Lake,Lorraine,NA,5,28.826866666666668,-81.8817
Lake,Louisa,286136,1471,28.48336666666667,-81.74356666666667
Lake,Lucy,286205,136,28.602166666666665,-81.88463333333334
Lake,Mary,NA,NA,28.718266666666665,-81.85896666666666
Lake,Mathews,NA,NA,28.8887,-81.88306666666666
Lake,May,NA,NA,28.873466666666666,-81.6358
Lake,Middle Bear,286781,NA,28.5383,-81.8566
Lake,Mill Stream Swamp,286907,NA,28.520133333333334,-81.86313333333334
Lake,Minnehaha,286961,915,28.543533333333333,-81.76593333333334
Lake,Minneola,294087,764,28.576366666666665,-81.77176666666666
Lake,Mirror,NA,5,28.891133333333332,-81.6727
Lake,Mount Dora,NA,NA,28.840700000000002,-81.62283333333333
Lake,Nellie,287581,NA,28.4707,-81.775
Lake,Nettie,287592,18,28.842066666666668,-81.66496666666667
Lake,Norris,306117,458,28.9388,-81.54506666666667
Lake,North Twin,306125,26,28.958000000000002,-81.6643
Lake,Owen,306178,22.8,28.941966666666666,-81.68133333333333
Lake,Palatlakaha,288384,40.8,28.5498,-81.78416666666666
Lake,Peanut Pond,NA,6,28.927466666666668,-81.64506666666666
Lake,Pearl,306208,30,28.942333333333334,-81.6588
Lake,Picciola,NA,NA,28.842525000000002,-81.8756
Lake,Pine Island,288880,NA,28.4916,-81.82796666666667
Lake,Placida,NA,NA,28.927533333333333,-81.68996666666666
Lake,Pretty,289304,NA,28.4588,-81.82016666666667
Lake,Purdum Pond,NA,NA,28.8343,-81.81533333333334
Lake,Royal,2557338,NA,28.663033333333335,-81.85683333333333
Lake,Saunders,290702,170,28.817333333333334,-81.6943
Lake,Sawmill,290706,NA,28.493066666666667,-81.77926666666667
Lake,Scrub Jay Pond,2054455,NA,29.011333333333333,-81.50593333333333
Lake,Sellers,306366,203,29.112066666666667,-81.63393333333333
Lake,Shady Nook,290910,NA,28.556833333333334,-81.7532
Lake,Silver,291122,157,28.8373,-81.80406666666667
Lake,Silver Paisley,306397,7,28.9871,-81.51766666666667
Lake,South Twin,306428,33,28.953433333333333,-81.666
Lake,Spencer,291499,NA,28.61766666666667,-81.83433333333333
Lake,Stewart,291693,NA,28.549066666666665,-81.83976666666666
Lake,Sunset,282734,NA,28.8595,-81.91669999999999
Lake,Sunshine,291890,7,28.9257,-81.92156666666666
Lake,Susan,291900,39,28.514433333333333,-81.7564
Lake,Swatara,291929,30,28.8659,-81.6438
Lake,Tavares,292060,11,28.807366666666667,-81.71353333333333
Lake,Trout,292480,44,28.866333333333333,-81.68353333333333
Lake,Turkey SE,294180,NA,28.6984,-81.84475
Lake,Umatilla,306532,65,28.9192,-81.66233333333334
Lake,Unity,306533,42,28.8762,-81.87883333333333
Lake,Wash,292907,NA,28.530066666666666,-81.8152
Lake,Wildcat,306596,142,29.159833333333335,-81.62876666666666
Lake,Winona,293414,27,28.546666666666667,-81.76803333333334
Lake,Woodward,293526,36,28.823900000000002,-81.6865
Lake,Yale,306620,1636,28.909333333333333,-81.7351
Lake,Zephyr,293618,5,28.871,-81.91233333333334
Lee,Donut,NA,NA,26.753366666666665,-81.76316666666666
Lee,Dunes,NA,NA,26.4546,-82.05355
Lee,East Rocks,NA,NA,26.434933333333333,-82.11416666666666
Lee,East Rocks West,NA,NA,26.436666666666667,-82.11576666666666
Lee,Gulf Pines,NA,NA,26.44493333333333,-82.1305
Lee,Gulf Shores,NA,NA,26.445366666666665,-82.13293333333333
Lee,Gulf Shores West,NA,NA,26.446933333333334,-82.13446666666667
Lee,Gumbo Limbo,NA,NA,26.444866666666666,-82.06323333333333
Lee,Harborage East,NA,NA,26.4807,-81.8438
Lee,Harborage West,NA,NA,26.483166666666666,-81.85033333333334
Lee,Hopefield,NA,NA,26.619233333333334,-82.02566666666667
Lee,Lady Finger,NA,NA,26.466066666666666,-82.15503333333334
Lee,Little Murex,NA,NA,26.433166666666665,-82.09996666666666
Lee,Little Portion,NA,NA,26.426433333333332,-81.9062
Lee,Murex,NA,NA,26.4311,-82.10046666666666
Lee,Roseate,NA,NA,26.437133333333335,-82.06546666666667
Lee,Sandoval 1,NA,NA,26.610466666666667,-82.02636666666666
Lee,Sandoval 13,NA,NA,26.6177,-82.02933333333333
Lee,Sandoval 15,NA,NA,26.622133333333334,-82.02936666666666
Lee,Sandoval 18,NA,NA,26.625266666666665,-82.02923333333334
Lee,Sandoval 20,NA,NA,26.628233333333334,-82.02946666666666
Lee,Sandoval 6,NA,NA,26.620666666666665,-82.02516666666666
Lee,Sea Oats,NA,NA,26.435366666666667,-82.11196666666667
Lee,St. Kilda,NA,NA,26.42866666666667,-82.09843333333333
Lee,Stonyhill,NA,NA,NaN,NaN
Lee,Venus,NA,NA,26.461433333333332,-82.05143333333334
Lee,West Rocks,NA,NA,26.4369,-82.11786666666666
Leon,Alford Arm,277742,NA,30.446333333333335,-84.15509999999999
Leon,Andrew,305216,4,30.4008,-84.40783333333333
Leon,Anna,NA,NA,30.559466666666665,-84.20363333333333
Leon,Arrowhead,NA,NA,30.5671,-84.21763333333334
Leon,Becky,NA,NA,30.49575,-84.16635
Leon,Belmont,2437385,NA,30.537266666666667,-84.18130000000001
Leon,Blairstone,NA,NA,30.414266666666666,-84.25583333333333
Leon,Blue Heron,2437419,20,30.599925,-84.238025
Leon,Bradford,305368,79,30.405175,-84.3407
Leon,Campground Pond,305440,8,30.433566666666668,-84.43053333333333
Leon,Carolyn,NA,NA,30.556866666666664,-84.2051
Leon,Carr,280066,254,30.573433333333334,-84.29403333333333
Leon,Cascade,305452,NA,30.4194,-84.3606
Leon,Chapman Pond,NA,NA,30.4323,-84.2693
Leon,Clear,305587,10,30.350133333333332,-84.4133
Leon,Coolview Pond,NA,NA,30.524033333333335,-84.35503333333334
Leon,Diane,281550,31,30.593275,-84.237
Leon,Duck,NA,NA,30.511733333333332,-84.35676666666667
Leon,Eel,NA,NA,30.449266666666666,-84.3702
Leon,Elizabeth,NA,26,30.4933,-84.2969
Leon,Erie,282246,21,30.367449999999998,-84.132075
Leon,Fisher,NA,NA,30.566266666666667,-84.17973333333333
Leon,Gannett Pond,NA,NA,30.6545,-84.2198
Leon,Goose Pond,NA,NA,30.4763,-84.2445
Leon,Grassy,NA,NA,NaN,NaN
Leon,Griffin,NA,NA,30.579933333333333,-84.2574
Leon,Hall,283627,70,30.520266666666664,-84.24636666666667
Leon,Hall,283627,NA,30.52295,-84.2491
Leon,Harriman Pond,NA,NA,30.474933333333333,-84.2521
Leon,Heritage,298242,NA,30.415133333333333,-84.14683333333333
Leon,Hiawatha,305803,15,30.411866666666665,-84.3483
Leon,Horne Springs,284266,NA,30.3183,-84.1314
Leon,Iamonia,284452,2330,30.638325000000002,-84.21282500000001
Leon,Jackson,284694,1620,30.51973333333333,-84.33333333333333
Leon,Jamie,NA,NA,30.552833333333332,-84.20703333333333
Leon,Jane,NA,NA,30.545766666666665,-84.27283333333334
Leon,Jean,283071,NA,30.553233333333335,-84.19783333333334
Leon,Kanturk,2437389,NA,30.531866666666666,-84.19266666666667
Leon,KCC 12,NA,NA,30.5193,-84.2071
Leon,KCC 14,NA,NA,30.5164,-84.2081
Leon,KCC 4,NA,NA,30.516,-84.2189
Leon,KCC 8,NA,NA,30.5241,-84.2164
Leon,Killarney,286058,NA,30.531733333333335,-84.20783333333333
Leon,Kinsail,NA,NA,NaN,NaN
Leon,Lee,NA,NA,30.4115,-84.2637
Leon,Little Jackson,2747138,NA,30.526433333333333,-84.35833333333333
Leon,Lofton Pond,305974,5,30.3553,-84.3794
Leon,Longleat,NA,NA,30.5706,-84.2458
Leon,Mattie,NA,1,30.390966666666667,-84.14563333333334
Leon,McBride,286564,64,30.56255,-84.23502500000001
Leon,McCord Pond,NA,NA,30.473499999999998,-84.26180000000001
Leon,Meginnis Arm,306027,NA,30.493166666666667,-84.30586666666666
Leon,Minniehaha,305803,8,30.415066666666668,-84.35
Leon,Mitchell Arm,NA,NA,30.623966666666668,-84.22776666666667
Leon,Monkey Business,287064,17,30.606724999999997,-84.231575
Leon,Moore,306057,27,30.392500000000002,-84.40453333333333
Leon,Moore 2,287110,18,30.553466666666665,-84.26403333333333
Leon,Moore Pond,287110,18,30.5533,-84.26452499999999
Leon,Munson,306093,103,30.368000000000002,-84.30656666666667
Leon,Oakfair Farms Pond,NA,NA,30.485500000000002,-84.1216
Leon,Orchard Pond,288231,85,30.578733333333336,-84.3224
Leon,Overstreet,288304,51,30.5318,-84.25723333333333
Leon,Petty Gulf,288754,11,30.5891,-84.2283
Leon,Pine Hill,279127,16,30.583466666666666,-84.22016666666667
Leon,Piney Z,288970,NA,30.4404,-84.18643333333334
Leon,Sheelin,2437398,NA,30.5379,-84.2054
Leon,Shelly Pond,NA,NA,30.574366666666666,-84.27243333333332
Leon,Silver,306394,5,30.403866666666666,-84.4049
Leon,Spring Pond,NA,2,30.5743,-84.2756
Leon,Summerset,NA,NA,30.573566666666665,-84.26316666666666
Leon,Susan,NA,NA,30.487333333333332,-84.3293
Leon,Tom John,292334,6,30.544266666666665,-84.2141
Leon,Trout Pond,306351,NA,30.333566666666666,-84.38693333333333
Leon,Weeks,NA,NA,30.372533333333333,-84.13933333333334
Leon,Windermere,NA,NA,30.4152,-84.13363333333334
Levy,Long Pond,298028,95,29.4437,-82.84696666666667
Liberty,Mystic,287517,45,30.383333333333333,-84.98333333333333
Manatee,Tojo,NA,NA,27.522366666666667,-82.544
Manatee,Ward,292875,NA,27.4302,-82.4854
Marion,Blue Cove,NA,NA,29.0511,-82.4567
Marion,Bowers,305364,64,29.0443,-81.95503333333333
Marion,Bryant,305389,310,29.144825,-81.8544
Marion,Buck,305396,23,29.0957,-81.652
Marion,Charles,305473,101,29.229433333333333,-81.90686666666667
Marion,Deerback,305562,30,29.486766666666664,-81.9693
Marion,DeLancy,305566,68,29.425066666666666,-81.76653333333334
Marion,Doe,305582,28,29.037766666666666,-81.8225
Marion,Eaton,305619,144,29.257525,-81.86802499999999
Marion,Echo,NA,2,29.103966666666665,-81.65
Marion,Fore,305684,3,29.2722,-81.91593333333333
Marion,Halfmoon,305781,209,29.153666666666666,-81.83066666666667
Marion,Hopkins Prairie,305832,47,29.275966666666665,-81.70673333333333
Marion,Horseshoe,305833,20,29.490233333333336,-81.97996666666667
Marion,Island,305860,55,29.479233333333333,-81.9769
Marion,Joes,305874,20,29.2801,-81.9094
Marion,Kerr,305905,1145,29.350733333333334,-81.7881
Marion,King,305911,NA,29.210933333333333,-81.91286666666666
Marion,Lillian,285514,1,29.062133333333335,-82.0529
Marion,Little Kerr,305964,NA,29.355933333333333,-81.74553333333333
Marion,Little Weir,305965,130,29.017933333333332,-81.97786666666667
Marion,Lou,305990,44,29.2328,-81.8541
Marion,Mary,306013,63,29.076075,-81.829025
Marion,Miles Kale,NA,NA,29.477666666666668,-81.9829
Marion,Mill Dam,306047,125,29.179866666666666,-81.83773333333333
Marion,Mill Pond,279868,NA,29.0046,-82.09543333333333
Marion,North,306121,90,29.164266666666666,-81.87553333333334
Marion,Owens,306180,28,29.180933333333332,-81.87746666666666
Marion,Pegram,306210,25,29.471133333333334,-81.98613333333333
Marion,Pendarvis,306211,NA,29.070866666666667,-81.8847
Marion,Shoesole,306385,11,29.125666666666667,-81.9103
Marion,Smith,306409,117,29.0629,-81.99113333333334
Marion,Sunset Harbor,291864,NA,28.996133333333333,-81.96846666666667
Marion,Tiger,292282,31,29.131066666666666,-82.51729999999999
Marion,Tomahawk,306508,16,29.13335,-81.905975
Marion,Weir,306567,2862,29.020733333333332,-81.93563333333333
Martin,Lamay,NA,NA,27.137266666666665,-80.22516666666667
Miami-Dade,Aqua Bowl,304316,NA,25.919433333333334,-80.16226666666667
Miami-Dade,Arch Creek,277932,NA,25.901033333333334,-80.1629
Miami-Dade,Bonita 1,NA,NA,25.6367,-80.3924
Miami-Dade,Chara,NA,NA,25.637766666666668,-80.34066666666666
Miami-Dade,Coconut,NA,NA,NaN,NaN
Miami-Dade,Colonial,NA,NA,25.617266666666666,-80.37106666666666
Miami-Dade,Crossings,NA,NA,25.660566666666668,-80.40996666666666
Miami-Dade,Devon Aire,NA,NA,25.658433333333335,-80.3959
Miami-Dade,E,NA,37,25.639533333333333,-80.34706666666666
Miami-Dade,Esplanade,NA,NA,25.944933333333335,-80.32806666666667
Miami-Dade,Feeder,NA,NA,25.728666666666665,-80.3211
Miami-Dade,Fiorentino,NA,NA,25.6866,-80.6138
Miami-Dade,FIU Nature Preserve,NA,NA,25.755833333333335,-80.37973333333333
Miami-Dade,Glade,NA,NA,25.675866666666668,-80.27256666666666
Miami-Dade,GMSC,NA,NA,25.7901,-80.34756666666667
Miami-Dade,Hammock 1,283653,NA,25.688233333333333,-80.26313333333333
Miami-Dade,Hammock 2,NA,NA,25.6878,-80.28063333333333
Miami-Dade,Highland,NA,13,25.972266666666666,-80.15886666666667
Miami-Dade,Ives Dairy,NA,NA,25.962533333333333,-80.52606666666667
Miami-Dade,Lago Luna,NA,NA,25.637733333333333,-80.41113333333334
Miami-Dade,Lago Sol,NA,NA,25.6381,-80.40116666666667
Miami-Dade,Lakeridge,NA,NA,25.7229,-80.30876666666667
Miami-Dade,Lindgren,NA,NA,25.660933333333332,-80.40226666666666
Miami-Dade,Lucy Redland,NA,NA,25.441033333333333,-80.49213333333333
Miami-Dade,Mitchell,NA,NA,25.903200000000002,-80.22573333333334
Miami-Dade,North Bass,278162,NA,25.834366666666664,-80.3
Miami-Dade,Oakland,304456,NA,25.659433333333336,-80.3729
Miami-Dade,Pandanas,NA,NA,25.6794,-80.27186666666667
Miami-Dade,Pavillion 12,NA,NA,25.723233333333333,-80.32113333333334
Miami-Dade,Persch,NA,NA,25.8183,-80.29096666666666
Miami-Dade,Pineland,NA,NA,25.6772,-80.3782
Miami-Dade,Royal,NA,NA,25.663,-80.2783
Miami-Dade,Singapore,NA,NA,25.951133333333335,-80.3204
Miami-Dade,Sky,291210,8,25.954233333333335,-80.15956666666666
Miami-Dade,Snapper Creek Park,304452,NA,25.689333333333334,-80.3436
Miami-Dade,Snook Pond,NA,NA,25.758866666666666,-80.196
Miami-Dade,Sunrise,NA,NA,25.723166666666668,-80.29950000000001
Miami-Dade,Whispering Pines,NA,NA,25.586833333333335,-80.3373
Monroe,Desbiens,NA,NA,24.5746,-81.7483
Monroe,Key West Pond,NA,NA,24.5495,-81.78385
Monroe,Northside,NA,NA,24.5733,-81.7488
Nassau,East Nassau,NA,NA,30.6131,-81.5217
Okaloosa,Bass,278166,NA,30.4551,-86.61609999999999
Okaloosa,Coleman,NA,NA,30.4026,-86.4793
Okaloosa,Earl,281937,4.9,30.419225,-86.591725
Okaloosa,Grass,283299,7.2,30.46525,-86.4273
Okaloosa,Hurricane,305849,NA,30.93955,-86.75625
Okaloosa,Karick,305895,28,30.895366666666668,-86.64306666666667
Okaloosa,Kell-Aire,NA,NA,30.404,-86.4821
Okaloosa,Quail,NA,NA,30.3915,-86.46923333333334
Okaloosa,Roberts,289785,NA,30.538566666666668,-86.46933333333334
Okaloosa,Spring,NA,NA,30.401,-86.4892
Orange,Adair,277674,9,28.55976666666667,-81.39116666666666
Orange,Angelina,NA,NA,28.763666666666666,-81.63806666666666
Orange,Apopka,293912,12518,28.62186666666667,-81.6302
Orange,Apopka South,293912,12518,28.578466666666667,-81.60256666666666
Orange,Arnold,277957,11,28.530166666666666,-81.34123333333334
Orange,Avalon,278004,66,28.509675,-81.644675
Orange,Baldwin,1986929,NA,28.57326666666667,-81.32209999999999
Orange,Barton,278135,57,28.551166666666667,-81.31593333333333
Orange,Bay,278211,8,28.590799999999998,-81.421025
Orange,Bell,278437,16,28.6103,-81.37853333333334
Orange,Bennett,278483,10,28.553266666666666,-81.53443333333334
Orange,Bessie,278514,63,28.488133333333334,-81.52646666666666
Orange,Big Sand,278738,449,28.434533333333334,-81.48993333333333
Orange,Big Sand Bay,278738,NA,28.426533333333335,-81.49823333333333
Orange,Black,278907,NA,28.526933333333336,-81.60233333333333
Orange,Blanche,278976,49,28.480533333333334,-81.51633333333334
Orange,Blue,279036,7,28.658066666666667,-81.46803333333334
Orange,Boers,NA,NA,28.5298,-81.5142
Orange,Burkett,279692,30,28.6103,-81.26803333333334
Orange,Butler,279743,771,28.489366666666665,-81.55143333333334
Orange,C,NA,NA,28.531233333333333,-81.3197
Orange,Cane,279818,31.8,28.484,-81.47276666666667
Orange,Carlton,280047,161,28.759666666666668,-81.6588
Orange,Cay Dee,280170,3,28.564766666666667,-81.3451
Orange,Cay Dee North,280170,NA,28.565866666666665,-81.3443
Orange,Cay Dee South,280170,NA,28.5642,-81.3456
Orange,Cedar Forest Circle,NA,NA,28.544966666666667,-81.1767
Orange,Charity North,280311,NA,28.638233333333336,-81.37950000000001
Orange,Chase,280334,55,28.474866666666667,-81.52206666666666
Orange,Chaudoin,291254,NA,28.7707,-81.56983333333334
Orange,Cherokee,280358,5,28.533433333333335,-81.37113333333333
Orange,Christie,299965,NA,28.44056666666667,-81.40673333333334
Orange,Claire,280478,8.1,28.6092,-81.20293333333333
Orange,Clear,280529,137,28.5215,-81.41096666666667
Orange,Como,280683,2,28.5358,-81.35203333333332
Orange,Concord,280708,28,28.556625,-81.38525
Orange,Conway North,280728,274,28.472233333333335,-81.34973333333333
Orange,Conway South,280728,352,28.4587,-81.3467
Orange,Copeland,280792,7,28.527533333333334,-81.37453333333333
Orange,Crescent,281040,70,28.509,-81.56143333333333
Orange,Crystal,281123,2,28.516233333333332,-81.35743333333333
Orange,Cypress,281221,26,28.479833333333335,-81.5672
Orange,Daniel,NA,NA,28.582166666666666,-81.40090000000001
Orange,Davis,281342,7,28.5314,-81.36663333333333
Orange,Dot,281688,2,28.5521,-81.3867
Orange,Douglas,281730,4,28.582366666666665,-81.25523333333334
Orange,Down,281739,483,28.506233333333334,-81.52746666666667
Orange,Downey,299953,NA,28.5675,-81.2412
Orange,Drawdy,281753,22,28.5921,-81.12466666666667
Orange,Dream,281754,NA,28.684,-81.51156666666667
Orange,Druid,281775,8,28.560566666666666,-81.34976666666667
Orange,Eola,282234,10,28.5389,-81.37356666666668
Orange,Estelle,282256,9,28.575266666666668,-81.3661
Orange,Estelle East,282256,NA,28.576,-81.36336666666666
Orange,Eulalia,NA,NA,28.6192,-81.3721
Orange,Eve,282287,3,28.629966666666665,-81.4251
Orange,Fairview,282341,162,28.591974999999998,-81.4062
Orange,Farrar,282391,3,28.508475,-81.3211
Orange,Fischer,282471,10,28.539133333333332,-81.51826666666666
Orange,Fish,285678,NA,28.4097,-81.51316666666666
Orange,Flora Vista,NA,NA,28.3659,-81.44913333333334
Orange,Floy,NA,NA,28.4843,-81.48166666666667
Orange,Formosa,282673,14,28.5685,-81.36873333333332
Orange,Fredrica,282799,29,28.508175,-81.307025
Orange,Gatlin,282967,87,28.4911,-81.36806666666666
Orange,Gear,282996,4,28.556133333333335,-81.33126666666666
Orange,Gem,283008,4,28.613033333333334,-81.36866666666667
Orange,George,278098,NA,28.501066666666667,-81.31973333333333
Orange,Georgia,283037,33,28.6065,-81.24703333333333
Orange,Giles,283075,15,28.5304,-81.3338
Orange,Greenwood,1986879,0,28.534299999999998,-81.36013333333334
Orange,Hart,283786,749,28.379966666666668,-81.21346666666666
Orange,Hiawassee,294626,81,28.527033333333335,-81.481
Orange,Hickorynut,283971,217,28.4249,-81.6421
Orange,Hickorynut South,283971,NA,28.4269,-81.6488
Orange,Highland,284014,14,28.55975,-81.370575
Orange,Hill,284026,8.1,28.636533333333333,-81.43780000000001
Orange,Holden,284136,102,28.50486666666667,-81.38953333333333
Orange,Hope,284250,15,28.639266666666668,-81.37276666666666
Orange,Horseshoe,284310,5,28.595666666666666,-81.47156666666667
Orange,Hourglass,284333,6,28.522000000000002,-81.357
Orange,Hubbert,285750,NA,28.3479,-81.6368
Orange,Hubbert,288256,NA,28.351,-81.63585
Orange,Huckleberry,284368,46,28.4346,-81.6114
Orange,Irma,284591,50,28.590625,-81.266025
Orange,Isleworth,288428,NA,28.472366666666666,-81.52876666666667
Orange,Ivanhoe East,284639,44,28.563325,-81.375775
Orange,Ivanhoe Middle,284639,28,28.562475,-81.38065
Orange,Ivanhoe Northwest,284639,NA,28.56683333333333,-81.38576666666667
Orange,Ivanhoe West,284639,28,28.565075,-81.382575
Orange,Jackson,284693,6,28.6242,-81.38103333333333
Orange,Jessamine,284776,124,28.481133333333332,-81.3859
Orange,Jessamine North,284776,NA,28.488266666666664,-81.38123333333333
Orange,Jessamine South,284776,NA,28.4758,-81.39023333333333
Orange,Johio,284833,11,28.577466666666666,-81.51146666666666
Orange,John's,284856,1563,28.534983333333333,-81.65535
Orange,Killarney,285099,96,28.5997,-81.3753
Orange,La Grange,285590,NA,28.507866666666665,-81.34233333333333
Orange,Lancaster,285322,18,28.524466666666665,-81.3654
Orange,Lawne,285401,63,28.56266666666667,-81.43776666666666
Orange,Lawsona,285403,3,28.540975,-81.364175
Orange,Lee,285438,4.1,28.590799999999998,-81.20513333333334
Orange,Little Conway,285726,370,28.485266666666668,-81.35986666666666
Orange,Little Down,281739,NA,28.508533333333332,-81.54
Orange,Little Fairview,285727,36,28.592033333333333,-81.38883333333334
Orange,Little Hickorynut,283971,NA,28.4312,-81.64876666666667
Orange,Little Pheasant,NA,NA,28.598533333333332,-81.44006666666667
Orange,Little Sawyer,NA,NA,28.473266666666667,-83.24166666666666
Orange,Little Wauseon Bay,292953,NA,28.502633333333332,-81.5406
Orange,Lockhart,285911,8.9,28.622933333333332,-81.43253333333334
Orange,Lorna Doone,286100,6,28.5417,-81.4033
Orange,Lost Cove,NA,NA,28.451633333333334,-81.50213333333333
Orange,Louise,286141,59,28.477166666666665,-81.535
Orange,Love,NA,NA,28.63446666666667,-81.38406666666667
Orange,Lucerne East,286193,NA,28.535266666666665,-81.3766
Orange,Lucerne West,286193,NA,28.534633333333332,-81.37836666666666
Orange,Lucien,286197,23,28.626733333333334,-81.39016666666666
Orange,Lucy,286204,29,28.573733333333333,-81.4966
Orange,Lurna,286221,3,28.522766666666666,-81.3742
Orange,Maggiore,286285,12,28.7368,-81.60556666666668
Orange,Maitland,286319,183,28.6167,-81.3519
Orange,Mann,286385,99,28.537033333333333,-81.42693333333334
Orange,Margaret,286412,NA,28.50186666666667,-81.3471
Orange,Marsha,286135,NA,28.47755,-81.48157499999999
Orange,Marshall,286460,22,28.677266666666668,-81.53293333333333
Orange,Martha,286467,12,28.608533333333334,-81.27226666666667
Orange,Mary Jane,286482,476,28.36723333333333,-81.17853333333333
Orange,Mary Jess,286488,20.4,28.4761,-81.3777
Orange,Metro West,NA,NA,28.5303,-81.4701
Orange,Minnehaha,286960,39,28.631166666666665,-81.35526666666667
Orange,Mira,286972,6.9,28.597833333333334,-81.27223333333333
Orange,Moxie,NA,5,28.5813,-81.5352
Orange,Nan,287523,11,28.607466666666667,-81.28083333333333
Orange,North Lotta,286126,14,28.552733333333336,-81.51093333333334
Orange,Ola,288075,180,28.7545,-81.6319
Orange,Ola Little,NA,NA,NaN,NaN
Orange,Olive,288142,1.6,28.539666666666665,-81.36736666666667
Orange,Olivia,288150,35,28.523433333333333,-81.51886666666667
Orange,Olympia,288155,62,28.5681,-81.52366666666667
Orange,Orlando,292997,NA,28.5972,-81.4313
Orange,Park,288502,14,28.6158,-81.3724
Orange,Park,NA,14,28.615450000000003,-81.3703
Orange,Peach,288615,3,28.583966666666665,-81.5314
Orange,Pearl,288641,23,28.604166666666668,-81.2649
Orange,Pineloch,288939,23,28.5077,-81.3668
Orange,Pocket,289103,51,28.420666666666666,-81.5131
Orange,Porter,289250,13,28.5112,-81.32416666666667
Orange,Prairie,289284,15,28.5943,-81.51006666666666
Orange,Price,289311,34,28.597433333333335,-81.1754
Orange,Primavista,291635,12,28.564,-81.53693333333334
Orange,Rabama,NA,NA,28.5208,-81.32873333333333
Orange,Richmond,NA,13,28.512366666666665,-81.43446666666667
Orange,Rock,289836,18,28.547033333333335,-81.40166666666667
Orange,Rose,289964,36,28.537333333333333,-81.5049
Orange,Rose Hill,NA,NA,28.557000000000002,-81.5062
Orange,Rouse,290013,12,28.573266666666665,-81.21213333333333
Orange,Rowena,290020,23,28.5707,-81.35979999999999
Orange,San Susan,NA,NA,28.539833333333334,-81.46546666666667
Orange,Sandy,NA,NA,28.459533333333333,-81.46526666666666
Orange,Santiago,NA,5,28.5333,-81.31813333333334
Orange,Sarah,290674,5,28.58533333333333,-81.4025
Orange,Sawyer,290734,38,28.469166666666666,-81.56783333333334
Orange,Serene,2764905,NA,28.4421,-81.50023333333334
Orange,Shannon,290923,6,28.5647,-81.34123333333334
Orange,Sheen,290953,229,28.433533333333333,-81.5178
Orange,Sheppard,291007,8,28.6821,-81.54366666666667
Orange,Silver,291142,34,28.578533333333333,-81.3965
Orange,Smith,NA,NA,28.3537,-81.63516666666666
Orange,South Lotta,286126,13,28.550166666666666,-81.51203333333333
Orange,Speer,291494,232,28.479133333333333,-81.5985
Orange,Spring,291548,15,28.5566,-81.39853333333333
Orange,Spring 2,291550,24,28.581666666666667,-81.51993333333333
Orange,Stanley,291620,18,28.580633333333335,-81.5014
Orange,Starke,291635,133,28.572133333333333,-81.53643333333333
Orange,Sue,291770,NA,28.576766666666668,-81.35463333333333
Orange,Susannah,291902,31,28.562233333333335,-81.32383333333334
Orange,Sybelia,291975,34,28.625366666666668,-81.3747
Orange,Tennessee,292125,4,28.51033333333333,-81.3322
Orange,Terrace,NA,NA,28.5209,-81.3462
Orange,Theresa,292189,0.8,28.5607,-81.3395
Orange,Tibet,292259,771,28.455175,-81.52312500000001
Orange,Tilden,292292,NA,28.519466666666666,-81.59353333333333
Orange,Timber River Pond,NA,NA,28.5628,-81.28353333333334
Orange,Tucker,NA,NA,28.445733333333333,-81.5042
Orange,Underhill,292644,59,28.538775,-81.33687499999999
Orange,Virginia,292785,90,28.588733333333334,-81.34516666666667
Orange,Wade,292816,1,28.5162,-81.36763333333333
Orange,Walker,NA,NA,28.5247,-81.42303333333334
Orange,Waumpi,NA,NA,28.632166666666667,-81.32996666666666
Orange,Waunatta,292951,28,28.601866666666666,-81.27913333333333
Orange,Wauseon Bay,279743,NA,28.5022,-81.5459
Orange,Weldona,293016,5,28.5294,-81.36059999999999
Orange,West,NA,NA,28.3573,-81.63543333333334
Orange,Whippoorwill,NA,132,28.3871,-81.23570000000001
Orange,William Davis,2764908,NA,28.4847,-81.57103333333333
Orange,Willis,293349,58,28.398233333333334,-81.47786666666667
Orange,Willisaria,293350,4,28.508066666666668,-81.36113333333333
Orange,Winyah,293432,7,28.578433333333333,-81.36836666666666
Orange,Wise,NA,NA,28.358866666666668,-81.63023333333334
Osceola,Ajay,277708,59.1,28.3402,-81.2229
Osceola,Alligator,277794,1417,28.217783333333333,-81.2063
Osceola,Bay,278208,44.5,28.2301,-81.16386666666666
Osceola,Boggy Cove,NA,NA,28.3304,-81.31216666666667
Osceola,Brick,279374,249,28.168466666666667,-81.19669999999999
Osceola,Brown,NA,NA,NaN,NaN
Osceola,Buck,279574,151,28.2075,-81.15156666666667
Osceola,Cat,280133,829,28.20746666666667,-81.12606666666667
Osceola,Cecile,280175,47,28.3275,-81.4783
Osceola,Center,280245,120,28.278480000000002,-81.19044
Osceola,Chisholm Park,2082902,NA,28.2797,-81.25316666666667
Osceola,Civic Center Pond,NA,NA,28.292233333333332,-81.40126666666667
Osceola,Coon,280767,51,28.266375,-81.18255
Osceola,Cypress,281219,1658,28.075300000000002,-81.32196666666667
Osceola,Cypress East,281219,1658,28.0778,-81.3267
Osceola,Fells Cove,282413,NA,28.3316,-81.24686666666666
Osceola,Fish,282485,725,28.269033333333333,-81.3437
Osceola,Gentry,283023,725,28.1404,-81.24249999999999
Osceola,Goblet's Cove,292327,NA,28.23763333333333,-81.35983333333334
Osceola,Harmony Estates-Retention Pond,NA,NA,28.2035,-81.13980000000001
Osceola,Hatchineha,294032,2697,28.02465,-81.4074
Osceola,Hinden,284046,NA,28.322966666666666,-81.22713333333333
Osceola,Hole #2 Pond,NA,NA,28.200049999999997,-81.15615
Osceola,House of Dreams,NA,NA,28.2037,-81.1514
Osceola,Jackson,284691,413,27.9072,-81.16193333333334
Osceola,Kissimmee,295796,19808,27.916633333333333,-81.28833333333334
Osceola,Laurel,NA,NA,28.1782,-81.48219999999999
Osceola,Live Oak,285874,152,28.2314,-81.2351
Osceola,Lizzie,285895,348,28.244525,-81.184775
Osceola,Marian,286420,2323,27.8749,-81.07953333333333
Osceola,OHP-CVB,NA,NA,28.295,-81.3638
Osceola,OHP-Entrance Pond,NA,NA,28.2959,-81.36234999999999
Osceola,OHP-Mary Beth,NA,NA,28.300033333333335,-81.37226666666666
Osceola,OHP-Stadium Pond,NA,NA,28.2976,-81.3621
Osceola,Runnymeade,290057,121.4,28.2586,-81.25476666666667
Osceola,Tohopekaliga,292327,7612,28.225324999999998,-81.387625
Osceola,Tohopekaliga East,2082902,5541,28.291999999999998,-81.28706666666668
Osceola,Tohopekaliga-Middle,292327,NA,28.194433333333333,-81.38623333333334
Osceola,Tohopekaliga-North,292327,NA,28.279533333333333,-81.39973333333333
Osceola,Tohopekaliga-South,292327,NA,28.16336666666667,-81.36096666666667
Osceola,Trout,292474,117,28.257875,-81.1683
Osceola,Valencia Big,NA,NA,28.306,-81.38393333333333
Osceola,Valencia Small,NA,NA,28.304866666666666,-81.3824
Palm Beach,Banyan,NA,NA,26.657600000000002,-80.1782
Palm Beach,Buena Vida,NA,NA,26.653366666666667,-80.1902
Palm Beach,Charleston East,NA,NA,26.568933333333334,-80.15703333333333
Palm Beach,Charleston Middle,NA,NA,26.566433333333336,-80.1624
Palm Beach,Charleston West,NA,NA,26.568166666666666,-80.17143333333334
Palm Beach,God's,NA,NA,26.767633333333333,-80.34066666666666
Palm Beach,Green Cay,NA,NA,26.4872,-80.16213333333333
Palm Beach,Island,NA,NA,26.370066666666666,-80.22686666666667
Palm Beach,Julie,NA,NA,26.8933,-80.09646666666667
Palm Beach,Moultrie,NA,NA,26.5596,-80.16506666666666
Palm Beach,Osborne,288259,144,26.599600000000002,-80.0774
Palm Beach,Osborne Canal East,288259,NA,26.574333333333332,-80.07653333333333
Palm Beach,Osborne Canal Middle,288259,NA,26.575566666666667,-80.0773
Palm Beach,Osborne Canal West,288259,NA,26.5745,-80.07826666666666
Palm Beach,Pine,NA,NA,26.681566666666665,-80.07206666666667
Palm Beach,Quiet Waters,NA,NA,26.6646,-80.17656666666667
Palm Beach,Rona,NA,NA,NaN,NaN
Palm Beach,Santee,NA,NA,26.558999999999997,-80.16933333333333
Palm Beach,Silver,NA,NA,26.5031,-80.09309999999999
Palm Beach,Troy,NA,NA,NaN,NaN
Palm Beach,Wellington,NA,NA,26.660266666666665,-80.2468
Palm Beach,Westwood,NA,NA,26.6754,-80.19806666666666
Palm Beach,Worth,293537,NA,26.714033333333333,-80.04663333333333
Pasco,Bass,NA,NA,28.182766666666666,-82.58846666666666
Pasco,Bell,278422,32,28.220299999999998,-82.45366666666666
Pasco,Bell Canal-1,278422,NA,28.2246,-82.452
Pasco,Bell Canal-2,278422,NA,28.2244,-82.4499
Pasco,Big Vienna,278704,NA,28.206366666666668,-82.47106666666667
Pasco,Bird,278825,61,28.180333333333333,-82.45323333333334
Pasco,Blanton,278981,51,28.39773333333333,-82.25006666666667
Pasco,Cabbage Slough,298011,17,28.3576,-82.59009999999999
Pasco,Christina,NA,NA,28.29543333333333,-82.68893333333334
Pasco,Clear,NA,8,28.292833333333334,-82.6113
Pasco,Conley,280712,22,28.186366666666668,-82.75196666666666
Pasco,Crews,281051,280,28.383166666666668,-82.51676666666667
Pasco,Dupree,281887,NA,28.238633333333333,-82.449699999999993
Pasco,East,281994,44,28.208366666666667,-82.44
Pasco,East Ellis,281998,6.5,28.227133333333335,-82.4599
Pasco,Floyd,282635,NA,28.1845,-82.461725
Pasco,Gardenia,289540,6.1,28.248766666666665,-82.47466666666666
Pasco,Genesis,NA,NA,28.19023333333333,-82.72
Pasco,Geneva,283015,NA,28.1878,-82.57286666666667
Pasco,George,NA,NA,28.211433333333332,-82.69083333333333
Pasco,Green,283387,11,28.3161,-82.5029
Pasco,Heron,NA,NA,28.181533333333334,-82.46306666666666
Pasco,Holiday,NA,NA,28.18295,-82.584975
Pasco,Jerome,NA,NA,28.299433333333333,-82.6044
Pasco,Jovita,280528,63,28.341466666666665,-82.2633
Pasco,Joyce,284950,NA,28.210566666666665,-82.4479
Pasco,Karney,285017,36,28.318,-82.2635
Pasco,Karney,285017,NA,28.31975,-82.26595
Pasco,King,285107,49,28.229766666666666,-82.45123333333333
Pasco,Lazy Duck,NA,NA,28.1868,-82.47623333333333
Pasco,Linda,285554,2,28.1895,-82.47876666666667
Pasco,Little Black,NA,NA,28.23613333333333,-82.45616666666668
Pasco,Little Como,NA,NA,28.17813333333333,-82.47293333333333
Pasco,Little East,281994,NA,28.212933333333332,-82.44253333333333
Pasco,Little Moss,NA,10,28.1828,-82.48213333333334
Pasco,Little Vienna,NA,NA,28.205166666666667,-82.4648
Pasco,Minneola,286965,NA,28.1847,-82.57443333333333
Pasco,Moon,287088,40,28.2849,-82.6109
Pasco,Nash,287543,17,28.178633333333334,-82.74873333333333
Pasco,Padgett North,288367,NA,28.2088,-82.45736666666666
Pasco,Padgett South,288367,NA,28.199,-82.45936666666667
Pasco,Parker,277887,36,28.177966666666666,-82.5818
Pasco,Pasadena,288555,151,28.322366666666667,-82.2195
Pasco,Saxon North,290736,NA,28.2013,-82.4538
Pasco,Saxon South,290736,NA,28.196566666666666,-82.44696666666667
Pasco,Seminole,290848,7,28.177966666666666,-82.5745
Pasco,Tampa,292008,NA,28.1744,-82.42483333333334
Pasco,Thomas,292217,66,28.240166666666667,-82.46933333333334
Pasco,Treasure,NA,NA,28.251033333333332,-82.4635
Pasco,Twin,292603,11,28.1888,-82.41876666666667
Pasco,Vienna,292773,NA,28.212866666666667,-82.4666
Pasco,West Moon,293096,21.4,28.2875,-82.623
Pinellas,Allen,NA,NA,27.881233333333334,-82.75256666666667
Pinellas,Alligator,277793,31.4,27.9813,-82.69806666666666
Pinellas,Allison,NA,NA,27.9109,-82.77933333333334
Pinellas,Baywood,NA,NA,27.82636666666667,-82.76256666666667
Pinellas,Beckett,278370,6.5,27.991466666666668,-82.74646666666666
Pinellas,Blue Heron,NA,NA,27.83096666666667,-82.77289999999999
Pinellas,Chautauqua,280347,NA,28.00433333333333,-82.72283333333333
Pinellas,Clearview,NA,NA,27.991166666666665,-82.76666666666667
Pinellas,Cliff Stephens Park,NA,NA,27.9741,-82.7215
Pinellas,Constance,NA,NA,27.819933333333335,-82.62686666666666
Pinellas,Country Woods,NA,NA,28.055133333333334,-82.7707
Pinellas,Crescent,281033,7.9,27.787933333333335,-82.6416
Pinellas,Crest,297358,NA,27.963033333333332,-82.7722
Pinellas,Egret,NA,NA,27.819733333333335,-82.625
Pinellas,Flamingo,NA,NA,27.81523333333333,-82.61886666666666
Pinellas,Forest,NA,NA,27.856233333333332,-82.72373333333333
Pinellas,Fusion,NA,NA,27.857366666666667,-82.81496666666666
Pinellas,Gardenia,NA,NA,27.845733333333335,-82.75903333333333
Pinellas,Harbor,283713,15,27.9971,-82.74763333333334
Pinellas,Harbor Isle,NA,NA,27.8387,-82.614
Pinellas,Helena,NA,NA,27.888733333333334,-82.7727
Pinellas,Heron,NA,NA,27.814466666666668,-82.6211
Pinellas,Hewitt,NA,NA,27.808933333333336,-82.70646666666667
Pinellas,Hobart,NA,NA,NaN,NaN
Pinellas,Loch Haven,NA,NA,28.1324,-82.7696
Pinellas,Lucerne,NA,NA,27.814666666666664,-82.6268
Pinellas,Maggiore,286284,154,27.7407,-82.65246666666667
Pinellas,Moccasin,NA,NA,27.977066666666666,-82.72840000000001
Pinellas,Oak,NA,NA,27.9982,-82.75793333333333
Pinellas,Pine Oak,NA,NA,27.943666666666665,-82.76766666666667
Pinellas,Placid,NA,NA,27.925066666666666,-82.79403333333333
Pinellas,Placido,NA,NA,27.81683333333333,-82.62453333333333
Pinellas,Placido Canal North,NA,NA,27.8213,-82.62763333333334
Pinellas,Rainbow,NA,NA,28.017433333333333,-82.7088
Pinellas,Seminole,290850,290,27.851266666666668,-82.78073333333333
Pinellas,Seminole Cove,290850,NA,27.871833333333335,-82.7794
Pinellas,Skipper,NA,NA,27.8163,-82.725
Pinellas,Spring,NA,NA,28.140233333333335,-82.7776
Pinellas,Spring South,NA,NA,27.9998,-82.76063333333333
Pinellas,St. George,290180,NA,28.061966666666667,-82.71976666666667
Pinellas,Sylvia,NA,NA,27.8956,-82.806
Pinellas,Tarpon,292049,1026,28.11563333333333,-82.71929999999999
Pinellas,Taylor,292073,NA,27.9057,-82.80443333333334
Pinellas,Turtle,NA,NA,28.0537,-82.7718
Pinellas,Westchester,NA,NA,28.0242,-82.72673333333333
Polk,Agnes,277698,156,28.1686,-81.82023333333333
Polk,Annie,277897,180,27.9918,-81.60656666666667
Polk,Arbuckle,277931,1549,27.692833333333333,-81.3956
Polk,Ariana,277946,415,28.079066666666666,-81.79773333333334
Polk,Arietta,277947,307,28.103233333333332,-81.80533333333334
Polk,Aurora,277999,71,27.879133333333332,-81.46560000000001
Polk,Banana,278076,138,27.9793,-81.90266666666668
Polk,Banana Pit South,304719,NA,27.975533333333335,-81.91406666666667
Polk,Belle East,2787754,NA,27.8829,-81.58336666666666
Polk,Belle West,278450,NA,27.882233333333332,-81.58776666666667
Polk,Bentley,278493,NA,28.014766666666667,-81.92776666666667
Polk,Bess,278511,60,27.934466666666665,-81.65283333333333
Polk,Big Bass,NA,1,27.875925000000002,-81.85435
Polk,Blue 2,279079,23,28.048166666666667,-81.77373333333334
Polk,Blue North,279035,NA,27.855933333333333,-81.58053333333334
Polk,Blue South,279035,NA,27.851166666666668,-81.5778
Polk,Boca Cove,NA,2,27.873725,-81.8529
Polk,Bonnet,279214,NA,28.1438,-81.6609
Polk,Bonnet 2,279236,NA,28.0477,-81.97683333333333
Polk,Bonny,279245,108,28.040133333333333,-81.92956666666667
Polk,Buffum,279626,624,27.7953,-81.6604
Polk,Cannon,279989,136,28.0389,-81.75303333333333
Polk,Christina,304715,NA,27.951166666666666,-81.9671
Polk,Clark,304716,NA,27.940366666666666,-81.9678
Polk,Clearwater,280549,35,28.168033333333334,-81.8325
Polk,Clinch,294405,488,27.741533333333333,-81.54756666666667
Polk,Conine,280711,96,28.060466666666667,-81.7251
Polk,Crago,280984,NA,28.0945,-81.94786666666667
Polk,Crescent,304717,NA,27.944333333333333,-81.95513333333334
Polk,Crooked,293976,2241,27.81702,-81.56892
Polk,Crooked Bok,293976,NA,27.819266666666667,-81.58093333333333
Polk,Crooked-Babson Park,293976,NA,27.8224,-81.5461
Polk,Crooked-Seminole Rd. drain,293976,NA,27.8333,-81.5434
Polk,Cypress,281218,28.97,27.9147,-81.47943333333333
Polk,Daisy,281260,NA,27.996433333333332,-81.66006666666667
Polk,Davenport,NA,71,NaN,NaN
Polk,Davenport North,281310,26,28.336,-81.65806666666667
Polk,Deer,281459,51,28.026233333333334,-81.76326666666667
Polk,Dexter,281544,70,27.990266666666667,-81.68103333333333
Polk,Dinner,281574,8.8,27.9937,-81.78653333333334
Polk,Eagle,281921,279,27.986175,-81.766625
Polk,Easy,282050,NA,27.857733333333332,-81.5604
Polk,Elbert,282136,70,28.025275,-81.710325
Polk,Eloise,282184,469,27.983733333333333,-81.70503333333333
Polk,Eva,294617,69,28.095433333333332,-81.62836666666666
Polk,Fannie,282375,335,28.059874999999998,-81.691075
Polk,Fauna,NA,NA,27.877733333333335,-81.85356666666667
Polk,Flora,NA,8,27.8736,-81.849825
Polk,Garfield,282940,265,27.903666666666666,-81.73146666666666
Polk,Gaskin's Cut,NA,4,27.8737,-81.854225
Polk,Gibson,283058,192,28.108933333333333,-81.96066666666667
Polk,Haines,283592,303,28.0932,-81.70637500000001
Polk,Haines-Cove,283592,NA,28.0945,-81.7168
Polk,Haines-Golf Club,NA,NA,28.0981,-81.7108
Polk,Hamilton,283642,875,28.048025,-81.651725
Polk,Hancock,283683,1829,27.975,-81.842775
Polk,Hartridge,283788,193,28.0549,-81.744025
Polk,Helen,283866,3,27.8292,-81.50303333333333
Polk,Henry,283918,328,28.09285,-81.66805
Polk,Hollingsworth,284163,144,28.0241,-81.94483333333334
Polk,Horney,284268,2.8,28.032833333333333,-81.939
Polk,Howard,284352,254,28.023725,-81.744
Polk,Hunter,284407,40,28.0325,-81.967
Polk,Ida,284459,34,27.762033333333335,-81.52116666666667
Polk,Idylwild,284467,41,28.050533333333334,-81.75553333333333
Polk,Isabell,284603,NA,27.649833333333333,-81.47633333333333
Polk,Jessie,284779,77,28.0584,-81.76333333333334
Polk,John,284847,NA,27.99856,-81.9415
Polk,Josephine,NA,11,27.865,-81.57633333333334
Polk,Juliana,284964,NA,28.128266666666665,-81.8036
Polk,Link,285565,11,28.018033333333335,-81.7064
Polk,Little Aurora,NA,7.3,27.8747,-81.47263333333333
Polk,Little Bass,NA,2,27.875625,-81.85235
Polk,Little Crooked,2770882,NA,27.7726,-81.5753
Polk,Little Elbert,NA,NA,28.0228,-81.7153
Polk,Little Hamilton,285728,149,28.0712,-81.6341
Polk,Little Otis,288273,NA,28.009066666666666,-81.70909999999999
Polk,Little Spirit,291503,NA,27.99635,-81.782925
Polk,Little Winterset,293430,NA,27.9648,-81.68053333333333
Polk,Livingston,285891,487,27.684533333333334,-81.52313333333333
Polk,Lizzie,285894,38,27.817666666666668,-81.67063333333333
Polk,Lost,NA,NA,27.815466666666666,-81.47753333333334
Polk,Lucerne,286192,17,28.0791,-81.68376666666667
Polk,Lulu,286210,122,27.995675,-81.72155000000001
Polk,Mabel,286235,47,27.970166666666668,-81.58853333333333
Polk,Marian,286418,81.2,NaN,NaN
Polk,Marian,286418,NA,28.0163,-81.6964
Polk,Marianna,286421,204,28.075533333333333,-81.76266666666668
Polk,Marion,286432,1210,28.080033333333333,-81.53196666666666
Polk,Mattie,286526,436,28.138366666666666,-81.78063333333333
Polk,Maude,286529,22,28.039933333333334,-81.7215
Polk,May,286540,18,28.0138,-81.7373
Polk,McLeod,286641,209,27.967733333333335,-81.75243333333333
Polk,Mirror,286985,50,28.037466666666667,-81.74116666666667
Polk,Mountain 2,NA,NA,27.954266666666665,-81.9559
Polk,Ned,287566,30,27.9966,-81.66893333333333
Polk,Otis,288273,58,28.016233333333332,-81.711
Polk,Otter,NA,NA,27.808133333333334,-81.48366666666666
Polk,Pansy,288455,20,28.068125000000002,-81.742875
Polk,Parker,288524,919,28.063966666666666,-81.93046666666667
Polk,Parks,288527,40,27.9147,-81.46763333333334
Polk,Patrick,285465,159,27.7957,-81.51286666666667
Polk,Pierce,288797,1509,27.975375,-81.5252
Polk,Pollock,304721,NA,27.9864,-81.92683333333333
Polk,Reedy,307559,1411,27.7401,-81.49713333333334
Polk,Ring,289710,1,28.009366666666665,-81.70223333333334
Polk,River,289728,NA,27.9826,-81.6697
Polk,Rochelle,289806,242,28.072775,-81.7202
Polk,Rosalie,289953,1860,27.933775,-81.40785
Polk,Roy,290023,32,28.0022,-81.70783333333333
Polk,Ruby,290047,103,27.974800000000002,-81.66063333333334
Polk,Sara,298004,16.7,28.046433333333333,-81.60803333333334
Polk,Scott,290763,115.4,27.96473333333333,-81.94013333333334
Polk,Shipp,291058,115,28.0026,-81.74233333333333
Polk,Silver,291141,21,28.032,-81.72863333333333
Polk,Smart,291238,111,28.0598,-81.71183333333333
Polk,Spirit,291503,91,27.999325,-81.777675
Polk,Spring,291545,10,28.0384,-81.7353
Polk,St. Anne,290145,6,27.8784,-81.48793333333333
Polk,Starr,291639,49.79,27.957733333333334,-81.58573333333334
Polk,Summit,291809,28,27.998966666666664,-81.6954
Polk,Symphony,NA,NA,28.0032,-82.0251
Polk,Tiger,295814,890,27.8934,-81.35743333333333
Polk,Tracy,292392,55,28.111866666666668,-81.63446666666667
Polk,Wales,292828,132,27.901466666666668,-81.57116666666667
Polk,Weohyakapka,294192,2964,27.81925,-81.419025
Polk,Whistler,293192,31,28.090533333333333,-81.8121
Polk,Winterset,293430,NA,27.974533333333333,-81.68086666666667
Putnam,Anderson Cue,NA,4.4,29.6895,-82.00653333333334
Putnam,Annie,NA,9,29.6018,-82.01606666666666
Putnam,Ashley,292625,34,29.7059,-82.02274
Putnam,Banana,NA,NA,29.464133333333333,-81.59173333333334
Putnam,Barco,278102,13,29.675866666666668,-82.0083
Putnam,Bell,295032,NA,29.429366666666667,-81.53663333333333
Putnam,Blue,279049,4,29.511533333333333,-82.03906666666667
Putnam,Boll Green,279191,11,29.63383333333333,-81.83916666666667
Putnam,Brantley,279340,131,29.683866666666667,-81.94736666666667
Putnam,Brantley 2,279340,131,29.683633333333333,-81.9496
Putnam,Broward,279466,191,29.51026,-81.5924
Putnam,Chipco,308443,13,29.628433333333334,-81.89213333333333
Putnam,Church,280453,9,29.6516,-81.86753333333334
Putnam,Clear,280533,50,29.422466666666665,-81.55453333333332
Putnam,Clearwater,280555,15,29.6675,-81.8811
Putnam,Clearwater 2,NA,10,29.579166666666666,-81.95416666666667
Putnam,Como,295009,99,29.471866666666667,-81.57983333333334
Putnam,Cowpen,305516,256,29.60035,-82.001175
Putnam,Crescent,281036,6514,29.3962,-81.46286666666667
Putnam,Crescent North,281036,6514,29.46685,-81.50765
Putnam,Crescent South,281036,6514,29.3962,-81.46286666666667
Putnam,East,281996,10,29.627533333333336,-81.9636
Putnam,East Twin,NA,45,29.62196666666667,-81.851
Putnam,English,295026,NA,29.424825,-81.532675
Putnam,Enslow,282230,63.6,29.697499999999998,-81.9437
Putnam,Fanny,305656,NA,29.55966666666667,-81.98446666666666
Putnam,Faye,308454,NA,29.643666666666665,-81.87613333333333
Putnam,Galilee,305714,33.2,29.622433333333333,-81.94336666666666
Putnam,George,305722,1869.9,29.31014,-81.62286
Putnam,George East,305722,1869.9,29.301066666666667,-81.56686666666667
Putnam,George South,305722,1869.9,29.231933333333334,-81.58076666666666
Putnam,Georges,283032,318,29.793666666666667,-81.84893333333333
Putnam,Gillis,305726,23,29.567725,-81.985225
Putnam,Goose,283194,79.6,29.700233333333333,-81.97986666666667
Putnam,Grandin,283279,126,29.67813333333333,-81.88063333333334
Putnam,Green Pond,283399,13,29.5535,-82.03666666666666
Putnam,Hardesty,305787,18,29.6025,-81.85503333333332
Putnam,Hewitt,305802,39,29.542166666666667,-81.9262
Putnam,Higgenbotham,305807,22,29.561025,-81.969
Putnam,Ida,284462,49,29.630433333333333,-81.85763333333334
Putnam,Jewel,284786,27.9,29.6442,-81.86886666666666
Putnam,Johntry Pond,NA,NA,29.5711,-81.9589
Putnam,Junior,284983,30,29.656066666666668,-81.8787
Putnam,Lagonda,305916,21,29.619233333333334,-81.89206666666666
Putnam,Little Clearwater 2,NA,NA,29.576466666666665,-81.9566
Putnam,Little McMeekin,307092,10,29.592,-82.01676666666667
Putnam,Little Swan,NA,NA,29.735933333333332,-82.00173333333333
Putnam,Long Pond,277647,14,29.67043333333333,-81.99403333333333
Putnam,Mariner,286430,55,29.645333333333333,-81.88929999999999
Putnam,Mason,286505,33,29.6646,-81.98233333333333
Putnam,McCloud,NA,6.4,29.695033333333335,-81.99686666666666
Putnam,McMeekin,286642,83,29.590333333333334,-82.009
Putnam,Morris,306062,27,29.6149,-81.97286666666666
Putnam,Mud,287413,NA,29.614633333333334,-81.7053
Putnam,North Estella,NA,NA,29.428649999999998,-81.60464999999999
Putnam,North Twin,287873,4,29.608666666666664,-82.0162
Putnam,Omega,295031,NA,29.4475,-81.5323
Putnam,Punchbowl,NA,NA,29.716733333333334,-82.04846666666667
Putnam,Redwater,289587,115,29.562566666666665,-82.01786666666666
Putnam,Riley,289703,19,29.518733333333333,-81.96133333333333
Putnam,Rocky,1988422,7.9,29.6427,-81.8739
Putnam,Rodman-1,306146,5261,29.5232,-81.824
Putnam,Rodman-2,306146,5261,29.5425,-81.8373
Putnam,Rodman-3,306146,5261,29.5075,-81.8858
Putnam,Rodman-4,306146,5261,29.486,-81.9077
Putnam,Rodman-4A,306146,5261,29.5094,-81.9068
Putnam,Rodman-5,306146,5261,29.3855,-81.9001
Putnam,Rodman-6,306146,5261,29.5077,-81.8045
Putnam,Rodman-out 1,306146,NA,29.5257,-81.797
Putnam,Rodman-out 2,306164,NA,29.5083,-81.916
Putnam,Rodman-out 3,306164,NA,29.5083,-81.9162
Putnam,Rosa,289951,52,29.711824999999997,-82.007825
Putnam,Ross,289983,NA,29.702233333333332,-81.99716666666667
Putnam,Round,NA,4,29.625,-81.70206666666667
Putnam,Rowan,290017,106,29.676766666666666,-82.0179
Putnam,Silver,295018,31,29.444325,-81.571625
Putnam,Silver 2,NA,NA,29.594066666666667,-81.9805
Putnam,Silver 3,291124,23.7,29.618166666666667,-81.71456666666667
Putnam,South Bull Pond,291353,140,29.6395,-82.04536666666667
Putnam,South Estella,NA,125,29.424,-81.60623333333334
Putnam,Spring,NA,NA,29.6015,-82.0082
Putnam,Star,291629,116,29.526866666666667,-82.03783333333334
Putnam,Stella,295019,125,29.43074,-81.51856000000001
Putnam,Suggs,291789,73,29.6881,-82.01703333333334
Putnam,Swan,291925,178,29.726066666666668,-82.01123333333334
Putnam,Tucker,NA,NA,29.7226,-81.97046666666667
Putnam,Twin West,306526,45,29.6214,-81.85803333333334
Putnam,Wimberly,NA,NA,29.526666666666667,-81.94973333333333
Putnam,Winnott,293413,112,29.64923333333333,-82.0492
Santa Rosa,Bear,278336,44,30.862933333333334,-86.83146666666667
Santa Rosa,Locklin,285913,NA,30.6281,-87.05006666666667
Santa Rosa,Ski Watch,NA,NA,30.56666,-87.04452
Santa Rosa,Woodbine Springs,1699881,NA,30.620433333333335,-87.18753333333333
Sarasota,Bobcat,NA,NA,27.182366666666667,-81.8036
Sarasota,Cormorant,NA,NA,27.264666666666667,-82.49133333333333
Sarasota,Eagle,NA,NA,27.1873,-82.4633
Sarasota,East,NA,NA,27.268,-82.10379999999999
Sarasota,Egret,NA,NA,27.266033333333333,-82.49093333333333
Sarasota,Egret 2,NA,NA,27.253066666666665,-82.4933
Sarasota,EVMA 1,NA,NA,27.075566666666667,-82.38293333333333
Sarasota,EVMA 2,NA,NA,27.076433333333334,-82.3783
Sarasota,EVMA 3,NA,NA,27.072566666666667,-82.3792
Sarasota,EVMA 4,NA,NA,27.074366666666666,-82.37563333333333
Sarasota,EVMA 5,NA,NA,27.076566666666665,-82.3733
Sarasota,EVMA 6,NA,NA,27.075133333333333,-82.37256666666667
Sarasota,EVMA 7,NA,NA,27.0764,-82.37003333333334
Sarasota,Lake 37,NA,NA,27.3698,-82.4708
Sarasota,Lake G-20,NA,NA,27.3653,-82.48673333333333
Sarasota,Lake M-9,NA,NA,27.361566666666665,-82.46026666666667
Sarasota,Loon,NA,NA,27.191966666666666,-82.46596666666666
Sarasota,Lower Myakka,286172,395,27.218433333333333,-82.32376666666667
Sarasota,Middle,NA,NA,27.1868,-82.4629
Sarasota,Rivendel,NA,NA,27.181766666666668,-82.47756666666666
Sarasota,Scherer,NA,NA,27.180933333333332,-82.4677
Sarasota,Spoonbill,NA,NA,27.252866666666666,-82.4912
Sarasota,Upper Myakka,287499,395,27.273666666666667,-82.28953333333334
Sarasota,West,NA,NA,27.2682,-82.43963333333333
Sarasota,Woodmere,NA,NA,27.05463333333333,-82.38773333333333
Seminole,Ada,277672,21,28.768733333333333,-81.2853
Seminole,Adelaide,277694,9,28.6666,-81.3655
Seminole,Alma,277811,8,28.717966666666666,-81.35353333333333
Seminole,Amory,277840,2.8,28.7807,-81.31343333333334
Seminole,Ann,277888,6,28.627066666666668,-81.30906666666667
Seminole,Asher,NA,NA,28.6597,-81.44686666666666
Seminole,Banana,278077,7.3,28.778933333333335,-81.36500000000001
Seminole,Baptismal,NA,NA,28.613533333333333,-81.24843333333334
Seminole,Bath,278172,5.6,28.6445,-81.19926666666666
Seminole,Bear,278334,187,28.65298,-81.45112
Seminole,Bear Gully,278314,56,28.6247,-81.27170000000001
Seminole,Beatrice,NA,NA,28.7246,-81.05826666666667
Seminole,Beaumont,NA,NA,28.661833333333334,-81.33176666666667
Seminole,Bel-Air,278407,14,28.778266666666667,-81.3106
Seminole,Bingham,278785,7,28.739566666666665,-81.3099
Seminole,Brantley,279342,109,28.691333333333333,-81.42283333333333
Seminole,Buck,279581,63,28.711566666666666,-81.12626666666667
Seminole,Charm,280331,8,28.679333333333332,-81.19643333333333
Seminole,Clear,280531,NA,28.6698,-81.29543333333334
Seminole,Cochran,294350,NA,28.739533333333334,-81.14006666666667
Seminole,Concord,280709,8,28.674333333333333,-81.33536666666667
Seminole,Cranes Roost,281005,14,28.667133333333332,-81.38433333333333
Seminole,Crescent,NA,NA,28.651133333333334,-81.1298
Seminole,Crystal Bowl,281115,2.85,28.66415,-81.3155
Seminole,Cub,281141,6,28.646766666666668,-81.43976666666667
Seminole,Deep,281431,17,28.6131,-81.2531
Seminole,DeForest,298078,4,28.782033333333334,-81.3105
Seminole,Dot,NA,NA,28.7506,-81.28586666666666
Seminole,East,281995,2.8,28.7061,-81.34556666666667
Seminole,East Crystal,281126,NA,28.7684,-81.31316666666667
Seminole,Ellen,NA,NA,NaN,NaN
Seminole,Emily,282201,2,28.673,-81.31356666666667
Seminole,Emma,282204,20,28.761366666666667,-81.35086666666666
Seminole,Fairy,282344,20.4,28.689433333333334,-81.3335
Seminole,Florence,282593,13,28.628800000000002,-81.29103333333333
Seminole,Florida,282623,14,28.674133333333334,-81.36356666666667
Seminole,Forest,NA,NA,28.819666666666667,-81.34693333333334
Seminole,Fruitwood,NA,NA,28.6815,-81.30766666666666
Seminole,Gem,283009,4,28.6459,-81.20633333333333
Seminole,Golden,283154,18,28.768633333333334,-81.24233333333333
Seminole,Gore,283228,12.24,28.6503,-81.1044
Seminole,Grace,283257,13.1,28.720200000000002,-81.37363333333333
Seminole,Griffin,283449,4,28.680033333333334,-81.34096666666666
Seminole,Hayes,283838,5,28.632733333333334,-81.20933333333333
Seminole,Hodge,284067,6.7,28.691233333333333,-81.32153333333333
Seminole,Horseshoe,284311,38,28.631333333333334,-81.13426666666666
Seminole,Horseshoe North,284311,NA,28.6384,-81.13696666666667
Seminole,Howard,284351,3,28.801266666666667,-81.4025
Seminole,Howell,284360,164,28.639516666666665,-81.31094999999999
Seminole,Island North,NA,NA,28.703766666666667,-81.3636
Seminole,Island Pond,284619,31,28.723333333333333,-81.1342
Seminole,Jane,284726,0,28.6921,-81.33935
Seminole,Jennie,284752,9,28.777266666666666,-81.28099999999999
Seminole,Jesup,295793,4051,28.720733333333335,-81.22619999999999
Seminole,Jesup North,295793,NA,28.764233333333333,-81.1811
Seminole,Jesup-eastern shore,NA,NA,NaN,NaN
Seminole,Jesup-river,NA,NA,NaN,NaN
Seminole,Kathryn,285021,32,28.6823,-81.329
Seminole,LESA Pond,NA,NA,28.6674,-81.21215000000001
Seminole,Little Bear,285600,12,28.645300000000002,-81.4449
Seminole,Little Howell,285729,40,28.668266666666668,-81.28103333333334
Seminole,Little Mary,NA,NA,28.747666666666667,-81.3152
Seminole,Little Pearl,NA,NA,28.665966666666666,-81.42966666666666
Seminole,Long,286020,28,28.664,-81.18983333333334
Seminole,Lost,286110,4.6,28.6704,-81.32253333333334
Seminole,Lotus,286128,46,28.648566666666667,-81.42146666666667
Seminole,Lotus 2,286129,1.22,28.675649999999997,-81.3443
Seminole,Marion,286433,5.2,28.679733333333335,-81.36603333333333
Seminole,Marion North,286433,5.2,28.6815,-81.3695
Seminole,Mary,286489,63,28.7541,-81.31386666666667
Seminole,Mills,286888,94,28.633766666666666,-81.11456666666668
Seminole,Minnie,286964,1,28.754366666666666,-81.2926
Seminole,Mirror,286981,14,28.665633333333332,-81.43983333333333
Seminole,Monroe East,287074,NA,28.833875,-81.2497
Seminole,Monroe West,287074,NA,28.841633333333334,-81.2991
Seminole,Mullet,287461,NA,28.790766666666666,-81.13003333333333
Seminole,Myrtle,287514,26,28.726033333333334,-81.3639
Seminole,Noname,NA,NA,28.6278,-81.26403333333333
Seminole,Orienta 1,288237,NA,28.654933333333332,-81.37636666666667
Seminole,Orienta 2,288237,NA,28.657966666666667,-81.3729
Seminole,Orienta East,288237,NA,28.659,-81.3698
Seminole,Orienta North,288237,NA,28.661566666666666,-81.3685
Seminole,Pearl,288635,6,28.6606,-81.34616666666666
Seminole,Pearl 2,288636,12,28.663433333333334,-81.425
Seminole,Pickett,288777,300,28.606666666666666,-81.12066666666666
Seminole,Pickett East,288777,300,28.604333333333333,-81.10943333333333
Seminole,Pine,NA,1,28.777666666666665,-81.31386666666667
Seminole,Plaza Oval,289045,NA,28.682333333333336,-81.34013333333333
Seminole,Pot,NA,NA,28.654133333333334,-81.35776666666666
Seminole,Prairie,289287,50,28.657933333333332,-81.3551
Seminole,Quail Pond,289395,1.2,28.6709,-81.3349
Seminole,Queens Mirror,289401,5,28.6622,-81.32313333333333
Seminole,Red Bug,289539,11,28.6509,-81.29113333333333
Seminole,Rock,289838,8,28.7037,-81.36813333333333
Seminole,Rogers,289928,1.6,28.654633333333333,-81.19573333333334
Seminole,Searcy,290798,4,28.705833333333334,-81.35553333333334
Seminole,Secret,290813,2,28.673833333333334,-81.32833333333333
Seminole,Seminary,290825,27,28.6421,-81.36013333333334
Seminole,Silver,304625,13,28.7646,-81.2513
Seminole,Spring,291552,35,28.650266666666667,-81.39606666666667
Seminole,Springwood Waterway,281519,NA,28.642866666666666,-81.39403333333333
Seminole,Summerset,NA,NA,NaN,NaN
Seminole,Sweetwater Cove,NA,NA,28.7092,-81.43843333333334
Seminole,Sylvan,291981,75,28.805433333333333,-81.38236666666667
Seminole,Tony,292359,9,28.672333333333334,-81.28963333333333
Seminole,Triplet Middle,292445,NA,28.6697,-81.3272
Seminole,Triplet North,NA,NA,28.674333333333333,-81.3244
Seminole,Triplet South,292445,NA,28.6653,-81.3267
Seminole,Trout,NA,NA,NaN,NaN
Seminole,Twin,292611,10,28.707466666666665,-81.36946666666667
Seminole,Twin East,292612,NA,28.790533333333332,-81.33473333333333
Seminole,Wekiva,290535,16.4,28.684033333333332,-81.45623333333333
Seminole,West,293086,10,28.709966666666666,-81.3536
Seminole,West Crystal,281125,55,28.761633333333336,-81.33013333333334
Seminole,West Pearl,NA,NA,28.6625,-81.42916666666666
Seminole,Wildmere,293300,13.3,28.695133333333334,-81.6683
Seminole,Wildwood,NA,NA,28.7519,-81.2811
Seminole,Willa,NA,NA,28.678666666666665,-81.22363333333334
Seminole,Woodlake,NA,NA,28.6418,-81.38485
Seminole,Woods,282327,13.3,28.644133333333333,-81.34836666666666
Seminole,Yvonne,NA,2,28.673233333333332,-81.43376666666667
Seminole,Yvonne-2,293613,NA,28.6706,-81.31516666666667
St John's,Beluthahatchee,NA,NA,30.0874,-81.62813333333334
St Lucie,Ann,NA,NA,27.534266666666667,-80.40386666666666
St Lucie,Bel Air,NA,NA,27.531566666666667,-80.3963
St Lucie,David,NA,NA,27.5559,-80.39696666666667
St Lucie,De Witt,NA,NA,27.555,-80.40843333333333
St Lucie,Deborah,NA,NA,27.5456,-80.4038
St Lucie,Dolores,NA,NA,27.537,-80.40123333333334
St Lucie,Harriet,NA,NA,27.5439,-80.39313333333334
St Lucie,Jean,NA,NA,27.541800000000002,-80.3914
St Lucie,Jeffery,NA,NA,27.5485,-80.39503333333333
St Lucie,Karen,NA,NA,27.5552,-80.39083333333333
St Lucie,Karl's Pond,NA,NA,27.2622,-80.36543333333333
St Lucie,Laguna,NA,NA,27.54896666666667,-80.40723333333334
St Lucie,Margaret,NA,NA,27.549433333333333,-80.4051
St Lucie,Mile,308030,NA,27.219933333333334,-80.30373333333334
St Lucie,Patricia,NA,NA,27.539,-80.3936
St Lucie,Phillip,NA,NA,27.5228,-80.40066666666667
St Lucie,Phyllis,NA,NA,27.5407,-80.4003
St Lucie,PSL Botanical Gardens,NA,NA,27.269666666666666,-80.31886666666666
St Lucie,Rose,NA,NA,27.5513,-80.40733333333334
St Lucie,Ruce,NA,NA,27.534233333333333,-80.39493333333334
St Lucie,Sands,NA,NA,27.492449999999998,-80.3026
St Lucie,Savanna,308145,NA,27.304866666666666,-80.2681
St Lucie,Savanna-Indrio,NA,NA,27.531133333333333,-80.3644
St Lucie,Savanna-Midway,NA,NA,27.389733333333332,-80.30930000000001
St Lucie,Sharon,NA,NA,27.5458,-80.40533333333333
St Lucie,Tozour,NA,NA,27.5253,-80.3606
Sumter,Big Gant,278674,38,28.576133333333335,-82.08403333333334
Sumter,Deaton,281407,315,28.8339,-81.98349999999999
Sumter,Miona,286971,169,28.90393333333333,-81.99876666666667
Sumter,Okahumpka,288069,271,28.825433333333333,-82.00443333333334
Sumter,Panasoffkee,294114,1805,28.801075,-82.12270000000001
Sumter,Silver,291121,NA,28.5752,-82.21306666666666
Sumter,Townsen,NA,NA,28.6523,-82.27196666666667
Suwannee,Lowe,286159,NA,30.2212,-82.8356
Suwannee,Peacock,288620,NA,30.238866666666667,-82.898
Suwannee,White,293210,17,30.248033333333332,-82.9138
Taylor,Andrews,277873,18,30.2733,-83.6484
Taylor,Jaycee Pond,NA,NA,30.123,-83.5754
Union,Butler,279740,170,30.0342,-82.3368
Union,Palestine,306189,369,30.1183,-82.40836666666667
Volusia,Ashby,277968,417,28.9274,-81.10286666666667
Volusia,Basswood,2765157,NA,28.877433333333332,-81.2629
Volusia,Beresford,278501,485,28.9924,-81.34743333333333
Volusia,Bethel,278560,86,28.848933333333335,-81.21233333333333
Volusia,Big,278702,59,28.8697,-81.21493333333333
Volusia,Blue,279038,22,29.033166666666666,-81.26903333333333
Volusia,Blue Springs Lagoon,NA,NA,28.938166666666667,-81.34113333333333
Volusia,Broken Arrow,2765177,NA,28.869433333333333,-81.2311
Volusia,Cain,279817,NA,29.2163,-81.4364
Volusia,Charles,280317,13,29.033833333333334,-81.25496666666668
Volusia,Clough,280578,NA,28.993566666666666,-81.23336666666667
Volusia,Colby,280637,NA,28.9645,-81.23193333333333
Volusia,Daytona,281357,NA,29.0504,-81.25463333333333
Volusia,Dexter,305576,770,29.106933333333334,-81.4778
Volusia,DuPont South,281883,NA,28.9261,-81.2073
Volusia,Emporia,282211,33,29.195966666666667,-81.47086666666667
Volusia,Gleason,283108,37,28.892533333333333,-81.26513333333334
Volusia,Harney,283749,2158,28.7603,-81.0577
Volusia,Helen,283868,NA,28.986066666666666,-81.22963333333334
Volusia,Lapanocia,285345,6.1,28.900466666666667,-81.25976666666666
Volusia,Lindley,285562,11,29.0494,-81.28443333333334
Volusia,Lorraine,286101,NA,28.881766666666667,-81.22376666666666
Volusia,Louise,286138,4,28.881666666666668,-81.19326666666667
Volusia,Lower Louise,286168,104,29.332266666666666,-81.5032
Volusia,Marie,286425,6,28.885233333333336,-81.3114
Volusia,Mc Kenzie,NA,NA,29.001833333333334,-81.2373
Volusia,McGarity,286613,NA,28.89623333333333,-81.22236666666667
Volusia,Molly,287053,6,29.0688,-81.30036666666666
Volusia,North Talmadge,298076,49,29.045766666666665,-81.2656
Volusia,Odom,288055,NA,29.157733333333333,-81.35343333333333
Volusia,Offspring,NA,NA,28.7947,-81.1445
Volusia,Pine,NA,NA,29.113766666666667,-81.26396666666666
Volusia,Reed Canal,NA,NA,29.151533333333333,-81.01676666666667
Volusia,Sabal Creek-1,NA,NA,29.0742,-81.0324
Volusia,Sabal Creek-2,NA,NA,29.0731,-81.0319
Volusia,Sabal Creek-3,NA,NA,29.0741,-81.0301
Volusia,Sawyer,NA,NA,28.862133333333333,-81.1801
Volusia,Shaw,290944,NA,29.231733333333334,-81.4411
Volusia,Shelby,290967,NA,28.914633333333335,-81.24466666666666
Volusia,South Talmadge,298074,22,29.039233333333332,-81.265
Volusia,Spring Garden,306438,211,29.134966666666667,-81.36856666666667
Volusia,Sweetgum,NA,NA,28.878899999999998,-81.2585
Volusia,Tedder,292091,NA,29.1468,-81.35306666666666
Volusia,Theresa,292188,93,28.8985,-81.19333333333333
Volusia,Three Island,292247,NA,28.938866666666666,-81.20983333333334
Volusia,Tivoli,292322,NA,28.902533333333334,-81.2306
Volusia,Trout,292481,14.9,28.9064,-81.27
Volusia,Upper Louise,292705,NA,29.348399999999998,-81.5093
Volusia,Waterford,NA,NA,28.993366666666667,-80.95353333333334
Volusia,Winnemissett,277658,74,29.023533333333333,-81.25093333333334
Wakulla,Davis,NA,0.9,30.1415,-84.3623
Wakulla,Ellen,305631,61,30.115733333333335,-84.3988
Wakulla,Nameless Pond,NA,NA,30.0981,-84.328
Wakulla,Otter,306175,54,30.0258,-84.42196666666666
Walton,Allen,NA,7.12272,30.3544,-86.25189999999999
Walton,Alligator,277797,6.43473,30.334766666666667,-86.17406666666666
Walton,Back,NA,NA,30.741733333333332,-86.14253333333333
Walton,Big Red Fish,278731,9.22716,30.3381,-86.1936
Walton,Camp Creek,279893,23.35119,30.2973,-86.0578
Walton,Campbell,279948,44.47653,30.365733333333335,-86.2893
Walton,Deer,281450,16.91646,30.3053,-86.07966666666667
Walton,DeFuniak,281360,NA,30.7171,-86.11286666666666
Walton,Draper,281750,11.45301,30.3457,-86.21346666666666
Walton,Eastern,282040,25.41516,30.309833333333334,-86.09366666666666
Walton,Eastern North,282040,NA,30.3147,-86.0941
Walton,Fox,2437387,1,30.357333333333333,-86.23543333333333
Walton,Fuller,282853,20.03265,30.373,-86.3182
Walton,Grayton,293134,NA,30.331833333333332,-86.16333333333334
Walton,Haven,NA,NA,30.80206666666667,-86.11326666666666
Walton,Holly,284172,NA,30.777,-86.1759
Walton,Juniper East,284998,NA,30.766333333333332,-86.12663333333333
Walton,Juniper West,284998,NA,30.77573333333333,-86.13656666666667
Walton,King,285122,NA,30.81694,-86.19087999999999
Walton,Little Red Fish,285774,5.01828,30.33546666666667,-86.1843
Walton,Morris,287148,31.68801,30.369733333333333,-86.30643333333333
Walton,Oyster,288345,8.9034,30.35245,-86.24357499999999
Walton,Powell,289278,6.43473,30.283233333333335,-85.99936666666667
Walton,Shortline 1,NA,NA,30.372633333333333,-86.2613
Walton,Shortline 2,NA,NA,30.3715,-86.26066666666667
Walton,Shortline 3,NA,NA,30.370433333333335,-86.26023333333333
Walton,Spring,294442,98,30.74935,-86.0616
Walton,Stallworth,291611,69.2037,30.356875000000002,-86.262575
Walton,Stanley,291619,40,30.738400000000002,-86.1382
Walton,Stewart,291694,6.43473,30.377433333333332,-86.37023333333333
Walton,Tresca,NA,NA,30.30735,-86.09065000000001
Walton,Western,293134,69.2037,30.3265,-86.15133333333333
Walton,Western Northeast,293134,NA,30.32783333333333,-86.1442
Walton,Wilson,NA,NA,30.6933,-86.05886666666667
Washington,Blue,279041,12,30.7426,-85.5512
Washington,Bream,NA,NA,30.5692,-85.55
Washington,Gap,282907,213,30.551433333333332,-85.5668
Washington,Gin,283089,17,30.572233333333333,-85.55156666666667
Washington,Little River,285786,9,30.545433333333335,-85.59443333333333
Washington,Rattlesnake,289499,40,30.4587,-85.5671
